"Player","Team","REC","YDS","TDS","ATT","YDS","TDS","FL","FPTS"
" ","","",""
"Puka Nacua","LAR","117.0","1539.0","9.0","13.6","85.0","1.4","1.0","339.8"
"Ja'Marr Chase","CIN","121.2","1511.6","10.6","3.0","17.0","0.0","1.0","336.0"
"Jaxon Smith-Njigba","SEA","110.9","1569.4","9.2","5.5","30.4","0.1","1.1","324.1"
"Amon-Ra St. Brown","DET","117.4","1390.2","10.5","3.1","11.8","0.0","0.4","319.8"
"Drake London","ATL","101.7","1327.6","9.1","0.0","0.0","0.0","1.0","287.1"
"Rashee Rice","KC","99.1","1100.6","9.7","5.4","25.6","0.9","0.6","274.0"
"CeeDee Lamb","DAL","97.5","1295.8","7.5","2.4","12.6","0.0","0.3","273.0"
"Justin Jefferson","MIN","98.6","1310.9","7.1","1.3","5.5","0.0","0.3","272.5"
"Chris Olave","NO","95.4","1195.5","7.9","0.3","0.0","0.0","0.3","261.7"
"A.J. Brown","NE","87.7","1221.7","7.7","0.0","0.0","0.0","0.3","255.2"
"Nico Collins","HOU","82.6","1229.9","7.6","1.4","8.3","0.4","0.8","252.4"
"George Pickens","DAL","82.5","1200.5","8.4","0.3","0.0","0.0","0.4","252.0"
"Garrett Wilson","NYJ","96.3","1095.4","6.4","1.1","4.3","0.0","1.0","242.9"
"Zay Flowers","BAL","81.2","1157.5","6.5","9.9","58.8","0.5","1.5","241.8"
"Malik Nabers","NYG","81.0","1083.5","8.4","2.8","8.3","0.1","0.4","240.3"
"DeVonta Smith","PHI","87.8","1135.0","6.0","0.0","0.0","0.0","0.3","236.9"
"Tetairoa McMillan","CAR","81.2","1146.0","6.6","0.0","0.0","0.0","0.9","233.7"
"Emeka Egbuka","TB","73.2","1098.4","7.5","1.4","7.3","0.0","0.3","228.3"
"Davante Adams","LAR","68.8","926.2","10.2","0.0","0.0","0.0","0.2","222.3"
"Tee Higgins","CIN","70.8","965.4","9.1","0.0","0.0","0.0","0.2","221.7"
"Ladd McConkey","LAC","79.2","1010.1","6.8","0.0","0.0","0.0","0.3","220.3"
"Jameson Williams","DET","64.4","1065.1","6.6","7.3","42.0","0.5","0.2","217.2"
"Jaylen Waddle","DEN","74.2","992.2","6.0","1.7","12.4","0.0","0.3","210.2"
"Terry McLaurin","WAS","69.0","972.8","7.4","0.3","0.3","0.0","0.3","209.9"
"DJ Moore","BUF","69.4","905.1","7.0","10.3","54.0","0.5","0.8","208.5"
"Luther Burden III","CHI","72.7","973.1","5.7","7.7","38.2","0.1","0.3","208.1"
"Rome Odunze","CHI","62.4","963.3","7.8","0.3","1.3","0.0","0.3","205.1"
"Mike Evans","SF","67.4","950.7","7.0","0.0","0.0","0.0","0.2","203.8"
"Courtland Sutton","DEN","67.4","884.7","7.2","0.0","0.0","0.0","0.2","198.6"
"Marvin Harrison Jr.","ARI","67.3","945.4","6.0","0.0","0.0","0.0","0.3","197.3"
"Christian Watson","GB","57.6","930.4","7.3","1.7","8.0","0.0","0.3","195.2"
"DK Metcalf","PIT","64.3","926.8","6.1","0.7","3.3","0.3","0.2","195.2"
"Alec Pierce","IND","56.5","977.3","6.4","0.0","0.0","0.0","0.3","192.3"
"Michael Pittman Jr.","PIT","80.5","806.1","5.0","0.0","0.0","0.0","0.3","190.3"
"Parker Washington","JAC","62.6","863.2","5.7","5.0","13.6","0.1","0.4","184.4"
"Brian Thomas Jr.","JAC","58.0","871.6","5.4","2.7","17.7","0.4","0.2","181.1"
"Wan'Dale Robinson","TEN","79.9","805.6","3.0","2.0","9.5","0.1","0.3","179.1"
"Jakobi Meyers","JAC","68.3","787.7","5.1","4.3","22.7","0.1","0.8","178.7"
"Carnell Tate","TEN","65.2","887.2","4.5","0.7","3.0","0.0","1.4","178.4"
"Michael Wilson","ARI","67.5","826.4","4.5","0.0","0.7","0.0","0.2","176.6"
"Jayden Reed","GB","63.1","757.7","4.8","12.0","86.9","0.1","0.4","176.3"
"Chris Godwin Jr.","TB","67.8","773.9","5.2","0.3","0.3","0.0","0.3","175.7"
"Quentin Johnston","LAC","53.6","757.0","6.9","1.7","5.9","0.0","0.7","169.9"
"Jordan Addison","MIN","55.2","758.4","5.4","2.7","37.1","0.4","0.2","168.9"
"Deebo Samuel Sr.","SF","58.3","666.2","4.5","29.1","111.7","1.1","0.4","168.8"
"Xavier Worthy","KC","55.2","722.7","4.2","15.5","99.4","0.9","0.2","167.5"
"Stefon Diggs","WAS","67.0","747.5","4.2","0.3","0.7","0.0","0.2","166.3"
"Khalil Shakir","BUF","69.7","726.3","3.9","1.1","5.5","0.0","0.8","164.9"
"Josh Downs","IND","68.8","704.9","4.2","1.4","4.2","0.0","0.8","163.7"
"Matthew Golden","GB","55.9","758.7","4.6","5.5","27.3","0.1","0.4","161.5"
"KC Concepcion","CLE","60.0","779.1","3.6","4.2","22.5","0.1","1.3","159.6"
"Jalen Coker","CAR","60.7","717.5","4.5","0.0","0.0","0.0","0.8","157.7"
"Rashid Shaheed","SEA","49.9","755.8","3.8","13.4","88.9","0.3","0.8","156.8"
"Romeo Doubs","NE","55.2","712.3","5.1","0.0","0.0","0.0","0.3","156.5"
"De'Zhaun Stribling","SF","51.3","751.5","4.5","1.5","6.5","0.0","1.2","151.5"
"Makai Lemon","PHI","52.8","738.2","4.4","1.5","6.5","0.0","1.3","150.8"
"Denzel Boston","CLE","57.4","741.5","3.5","1.0","5.0","0.0","1.3","150.4"
"Tank Dell","HOU","52.7","680.3","3.9","10.2","48.8","0.1","0.3","149.3"
"Calvin Ridley","TEN","46.7","762.4","3.2","4.5","27.6","0.6","0.2","148.1"
"Jerry Jeudy","CLE","54.7","747.4","2.9","0.5","2.0","0.0","0.7","145.4"
"Tre Tucker","LV","50.2","635.6","3.8","11.2","52.6","0.2","0.1","142.3"
"Keenan Allen","IND","58.6","607.3","3.8","0.0","0.0","0.0","0.3","141.7"
"Rashod Bateman","BAL","38.8","598.6","6.0","0.0","0.0","0.0","0.2","134.3"
"Jauan Jennings","MIN","48.7","557.7","5.2","0.0","0.0","0.0","0.7","134.1"
"Jalen McMillan","TB","46.6","607.3","3.9","4.7","26.8","0.1","0.2","133.8"
"Jalen Nailor","LV","43.7","591.2","4.5","2.0","8.5","0.0","0.2","130.5"
"Devaughn Vele","NO","47.3","567.7","3.7","0.0","0.0","0.0","0.2","125.8"
"Ja'Kobi Lane","BAL","37.8","569.3","5.2","1.5","8.5","0.0","0.7","125.7"
"Cooper Kupp","SEA","47.4","584.8","3.4","0.5","1.5","0.0","0.7","125.2"
"Adonai Mitchell","NYJ","39.7","548.8","3.3","2.1","5.1","0.1","0.7","113.8"
"Malik Washington","MIA","45.6","414.2","2.4","13.5","80.3","0.7","0.8","112.0"
"Jaylin Noel","HOU","41.6","484.3","3.4","5.1","17.6","0.1","0.2","111.9"
"Travis Hunter","JAC","41.6","496.6","3.3","2.0","10.8","0.1","0.4","111.8"
"Germie Bernard","PIT","41.2","507.7","2.9","2.1","10.8","0.0","0.7","109.2"
"Kayshon Boutte","NE","33.2","501.5","4.3","0.0","0.0","0.0","0.1","109.1"
"Dontayvion Wicks","PHI","39.5","517.8","2.9","0.0","0.0","0.0","0.4","107.9"
"Jordyn Tyson","NO","37.8","529.1","2.9","0.5","3.5","0.0","0.7","106.8"
"Bub Means","NO","38.0","519.0","3.0","1.0","6.0","0.0","1.0","106.5"
"Caleb Douglas","MIA","39.6","511.4","2.6","1.0","5.5","0.0","0.7","105.4"
"Antonio Williams","WAS","35.5","497.2","3.1","3.5","18.7","0.1","1.2","104.2"
"Darius Slayton","NYG","35.8","526.4","2.0","1.6","8.6","0.0","0.7","100.2"
"Troy Franklin","DEN","36.5","402.7","3.4","3.0","10.8","0.0","0.6","97.3"
"Chris Bell","MIA","35.4","445.9","2.6","1.0","5.5","0.0","0.6","94.8"
"Tory Horton","SEA","30.3","401.5","4.2","0.5","3.0","0.0","0.6","94.5"
"Xavier Legette","CAR","35.9","417.5","2.6","2.1","10.8","0.1","0.4","93.8"
"Omar Cooper Jr.","NYJ","34.6","410.3","2.9","2.1","12.5","0.1","0.6","93.1"
"Tyquan Thornton","KC","25.4","467.1","3.5","0.0","0.0","0.0","0.1","92.8"
"Jahan Dotson","ATL","35.2","443.3","2.3","0.0","0.0","0.0","0.3","92.5"
"Xavier Hutchinson","HOU","34.0","423.4","2.2","2.1","14.2","0.0","0.1","91.2"
"Christian Kirk","SF","34.5","406.4","2.6","0.0","0.0","0.0","0.1","90.4"
"Tre' Harris","LAC","34.5","410.5","2.5","0.0","0.0","0.0","0.4","89.8"
"Ryan Flournoy","DAL","33.8","383.0","2.7","2.2","12.4","0.1","0.4","89.2"
"Jalen Tolbert","MIA","33.9","420.3","1.7","0.0","0.0","0.0","0.3","85.4"
"Isaac TeSlaa","DET","25.4","352.4","4.1","0.0","0.0","0.0","0.1","85.1"
"Malik Benson","LV","33.7","401.2","1.9","1.0","4.0","0.0","0.6","84.4"
"Ted Hurst III","TB","29.4","389.9","2.6","1.0","6.5","0.0","0.6","83.2"
"Hollywood Brown","PHI","28.2","349.4","3.0","0.0","0.0","0.0","0.1","81.1"
"Zachariah Branch","ATL","31.4","381.7","1.9","0.0","0.0","0.0","0.3","80.3"
"Andrei Iosivas","CIN","27.8","352.4","2.6","2.5","11.0","0.0","0.1","79.5"
"Elic Ayomanor","TEN","25.4","342.8","3.3","0.0","0.0","0.0","0.0","79.5"
"Chimere Dike","TEN","27.8","271.6","3.4","10.1","33.7","0.3","0.6","79.2"
"Keon Coleman","BUF","24.4","337.7","2.8","0.0","0.0","0.0","0.2","74.6"
"Pat Bryant","DEN","28.4","320.5","2.1","0.0","0.0","0.0","0.3","72.6"
"Olamide Zaccheaus","ATL","30.1","276.7","1.8","1.5","9.5","0.0","0.1","69.5"
"Marvin Mims Jr.","DEN","24.1","273.1","1.6","8.2","45.2","0.3","0.4","66.8"
"Jack Bech","LV","27.7","315.0","1.2","0.0","0.0","0.0","0.3","65.8"
"Ashton Dulin","IND","17.5","338.3","1.3","5.1","46.1","0.1","0.1","64.1"
"Darnell Mooney","NYG","21.4","309.0","1.7","2.2","11.9","0.1","0.2","63.6"
"KaVontae Turpin","DAL","18.1","229.5","1.7","17.8","103.2","0.4","0.4","63.5"
"DeMario Douglas","NE","22.7","270.9","1.5","4.1","21.4","0.2","0.3","61.3"
"Savion Williams","GB","20.5","230.8","1.7","9.0","46.9","0.3","0.3","59.8"
"Malachi Fields","NYG","23.0","279.9","1.5","0.0","0.0","0.0","0.2","59.7"
"Calvin Austin III","NYG","19.6","261.7","2.2","0.0","0.0","0.0","0.0","58.8"
"Jahdae Walker","CHI","17.6","233.3","2.7","0.5","3.5","0.0","0.0","57.2"
"Tutu Atwell","MIA","21.8","311.6","0.5","2.2","11.4","0.1","0.2","57.0"
"Cedric Tillman","CLE","18.5","235.6","2.1","0.0","-0.5","0.0","0.0","54.6"
"Demarcus Robinson","SF","17.6","253.0","1.7","0.5","2.5","0.0","0.0","53.1"
"Kendrick Bourne","ARI","22.8","239.2","0.7","0.0","0.0","0.0","0.2","50.2"
"Luke McCaffrey","WAS","14.4","221.1","2.3","0.0","0.0","0.0","0.0","49.9"
"Theo Wease Jr.","MIA","16.0","233.0","1.3","0.0","0.0","0.0","0.0","47.1"
"Dyami Brown","WAS","15.9","216.9","1.6","0.0","0.0","0.0","0.2","46.7"
"Kalif Raymond","CHI","19.2","186.9","0.9","4.6","27.2","0.2","0.2","46.4"
"Treylon Burks","WAS","15.0","217.8","1.4","0.0","0.0","0.0","0.1","44.7"
"Joshua Palmer","BUF","16.9","205.4","1.2","0.0","0.0","0.0","0.2","44.6"
"Devontez Walker","BAL","14.5","208.8","1.5","0.0","0.0","0.0","0.2","43.8"
"Cyrus Allen","KC","16.2","203.2","1.3","0.0","0.0","0.0","0.2","43.8"
"Isaiah Williams","NYJ","18.8","185.9","0.7","2.2","12.7","0.1","0.2","43.1"
"Colbie Young","CIN","14.1","176.3","1.3","0.0","0.0","0.0","0.1","39.5"
"Bryce Lance","NO","15.1","193.2","0.9","0.0","0.0","0.0","0.2","39.5"
"Zavion Thomas","CHI","12.5","153.5","1.2","0.0","0.0","0.0","0.1","34.9"
"Jaylin Lane","WAS","12.4","159.5","1.1","0.0","0.0","0.0","0.1","34.7"
"Elijah Sarratt","BAL","11.1","165.8","1.0","0.0","0.0","0.0","0.1","33.5"
"Kevin Coleman Jr.","MIA","13.5","170.2","0.4","0.0","0.0","0.0","0.1","32.8"
"Jordan Whittington","LAR","11.3","128.2","0.9","2.3","12.1","0.1","0.1","31.2"
"Isaiah Bond","CLE","9.9","130.3","0.8","4.3","23.6","0.1","0.1","30.4"
"Konata Mumpfield","LAR","9.9","126.7","1.1","0.0","0.0","0.0","0.1","29.2"
"Roman Wilson","PIT","11.8","135.1","0.6","0.0","0.0","0.0","0.1","28.8"
"Skyler Bell","BUF","10.1","136.5","0.8","0.0","0.0","0.0","0.1","28.4"
"Mack Hollins","NE","10.8","126.6","0.8","0.0","0.0","0.0","0.1","28.0"
"Brenen Thompson","LAC","9.5","121.7","0.7","2.1","11.3","0.1","0.1","27.5"
"Justin Watson","HOU","9.3","125.6","0.7","0.0","0.0","0.0","0.1","25.7"
"Odell Beckham Jr.","NYG","9.2","113.3","0.6","0.0","0.0","0.0","0.1","24.1"
"Kyle Williams","NE","6.4","91.4","0.6","4.1","22.4","0.2","0.1","22.1"
"Tez Johnson","TB","6.7","77.5","0.6","4.4","23.2","0.2","0.1","21.4"
"Jimmy Horn Jr.","CAR","6.7","75.6","0.4","6.2","36.7","0.2","0.1","21.1"
"Jalen Royals","KC","6.8","78.2","0.6","0.0","0.0","0.0","0.1","18.3"
"KeAndre Lambert-Smith","LAC","6.4","80.6","0.6","0.0","0.0","0.0","0.1","17.8"
"Nick Westbrook-Ikhine","IND","6.1","76.6","0.6","0.0","0.0","0.0","0.1","17.2"
"Mason Tipton","NO","6.8","80.5","0.3","0.0","0.0","0.0","0.1","16.7"
"Dont'e Thornton Jr.","LV","6.0","83.0","0.3","0.0","0.0","0.0","0.1","16.0"
"Greg Dortch","DET","4.1","39.7","0.3","4.6","24.0","0.4","0.1","14.1"
"Barion Brown","NO","4.6","57.3","0.3","0.0","0.0","0.0","0.1","11.8"
"Bo Melton","GB","2.9","37.4","0.3","4.5","25.9","0.1","0.1","11.5"
"Tyrell Shavers","BUF","4.0","52.1","0.3","0.0","0.0","0.0","0.0","10.9"
"Derius Davis","LAC","3.5","38.1","0.3","2.1","11.0","0.1","0.1","10.3"
"Xavier Smith","LAR","3.6","44.4","0.3","0.0","0.0","0.0","0.0","9.9"
"Mitch Tinsley","CIN","3.3","41.8","0.4","0.0","0.0","0.0","0.0","9.7"
"CJ Daniels","LAR","3.4","42.8","0.3","0.0","0.0","0.0","0.0","9.6"
"Malachi Corley","CLE","1.7","16.5","0.1","6.4","44.0","0.2","0.1","9.1"
"Tai Felton","MIN","3.7","37.1","0.2","0.0","0.0","0.0","0.0","8.8"
"Darius Cooper","PHI","3.3","37.7","0.3","0.0","0.0","0.0","0.0","8.5"
"Jonathan Mingo","DAL","2.9","40.6","0.3","0.0","0.0","0.0","0.0","8.4"
"Lewis Bond","HOU","3.3","39.7","0.2","0.0","0.0","0.0","0.0","8.3"
"Reggie Virgil","ARI","3.4","39.3","0.1","0.0","0.0","0.0","0.0","8.1"
"Brycen Tremayne","CAR","3.3","36.1","0.2","0.0","0.0","0.0","0.0","7.8"
"Ben Skowronek","PIT","1.8","17.0","0.1","0.0","0.0","0.0","0.0","3.9"
"Arian Smith","NYJ","0.0","0.0","0.0","4.4","23.7","0.2","0.0","3.5"
"Jalen Reagor","MIA","1.4","17.7","0.1","0.0","0.0","0.0","0.0","3.4"
"Kameron Johnson","TB","0.0","0.0","0.0","2.2","12.1","0.1","0.0","1.8"
"Kaden Wetjen","PIT","0.0","0.0","0.0","2.2","11.7","0.1","0.0","1.6"
"Laquon Treadwell","IND","0.0","0.0","0.0","0.0","0.0","0.0","0.0","0.0"
"David Moore","CAR","0.0","0.0","0.0","0.0","0.0","0.0","0.0","0.0"
"Braxton Berrios","NYG","0.0","0.0","0.0","0.0","0.0","0.0","0.0","0.0"
"Devin Duvernay","ARI","0.0","0.0","0.0","0.0","0.0","0.0","0.0","0.0"
"Mason Kinsey","TEN","0.0","0.0","0.0","0.0","0.0","0.0","0.0","0.0"
"Michael Bandy","DEN","0.0","0.0","0.0","0.0","0.0","0.0","0.0","0.0"
"Skyy Moore","GB","0.0","0.0","0.0","0.0","0.0","0.0","0.0","0.0"
"Britain Covey","PHI","0.0","0.0","0.0","0.0","0.0","0.0","0.0","0.0"
"Dareke Young","LV","0.0","0.0","0.0","0.0","0.0","0.0","0.0","0.0"
"Jacob Cowing","SF","0.0","0.0","0.0","0.0","0.0","0.0","0.0","0.0"
"Charlie Jones","CIN","0.0","0.0","0.0","0.0","0.0","0.0","0.0","0.0"
"Jalen Brooks","ARI","0.0","0.0","0.0","0.0","0.0","0.0","0.0","0.0"
"Nikko Remigio","KC","0.0","0.0","0.0","0.0","0.0","0.0","0.0","0.0"
"Anthony Gould","IND","0.0","0.0","0.0","0.0","0.0","0.0","0.0","0.0"
"Jeshaun Jones","MIN","0.0","0.0","0.0","0.0","0.0","0.0","0.0","0.0"
"Efton Chism III","NE","0.0","0.0","0.0","0.0","0.0","0.0","0.0","0.0"
"LaJohntay Wester","BAL","0.0","0.0","0.0","0.0","0.0","0.0","0.0","0.0"
"Ke'Shawn Williams","CIN","0.0","0.0","0.0","0.0","0.0","0.0","0.0","0.0"
"Myles Price","MIN","0.0","0.0","0.0","0.0","0.0","0.0","0.0","0.0"
"Gage Larvadain","CLE","0.0","0.0","0.0","0.0","0.0","0.0","0.0","0.0"
"Josh Cameron","JAC","0.0","0.0","0.0","0.0","0.0","0.0","0.0","0.0"
""
""