,RECEIVING,,,RUSHING,,,MISC,
Player,REC,YDS,TDS,ATT,YDS,TDS,FL,FPTS
Puka Nacua LAR,126,"1,645.20",9.4,15.5,107.3,1.6,1,239.2
Jaxon Smith-Njigba SEA,119.3,"1,671.10",10.8,5.8,30.6,0.1,1.1,233
Ja'Marr Chase CIN,123.7,"1,528.30",10.3,3.5,20,0.1,1,215.3
Amon-Ra St. Brown DET,116.5,"1,397.40",10.7,2.7,10.7,0.1,0.4,204.6
Drake London ATL,103,"1,339.80",10.7,0,0,0,1,196
Rashee Rice KC,100,"1,088.00",10.9,8.1,38.3,1.3,0.6,184.9
CeeDee Lamb DAL,103.1,"1,358.90",7.3,3.6,18.8,0.1,0.3,181.1
George Pickens DAL,87.1,"1,252.60",9.1,0.5,-0.5,0,0.5,178.8
A.J. Brown NE,90,"1,273.60",8,0,0,0,0.3,174.5
Justin Jefferson MIN,100.4,"1,308.00",6.7,2,8.3,0.1,0.3,171.3
Nico Collins HOU,84.3,"1,226.00",7.4,2.1,12.4,0.5,0.8,169.7
Chris Olave NO,94.2,"1,199.20",8.2,0.5,0,0,0.3,168.5
Zay Flowers BAL,83.4,"1,193.80",6.8,9.9,58.6,0.7,1.5,167.1
Tee Higgins CIN,73.6,994,9.7,0,0,0,0.2,156.9
Emeka Egbuka TB,68.8,"1,097.70",7.6,2.1,10.9,0.1,0.3,156.1
Davante Adams LAR,67.8,933.3,10.3,0,0,0,0.2,155
Jameson Williams DET,63.6,"1,053.30",6.3,7,42,0.8,0.2,151.9
Rome Odunze CHI,62.5,997.3,8.7,0.5,2,0,0.3,151.8
Tetairoa McMillan CAR,77.9,"1,126.00",6.6,0,0,0,0.9,150.6
Garrett Wilson NYJ,96,"1,082.90",7.2,1.6,6.4,0,1.1,150.1
Alec Pierce IND,63,"1,065.30",7.2,0,0,0,0.3,149.3
DeVonta Smith PHI,90.2,"1,139.50",6,0,0,0,0.3,149.3
Malik Nabers NYG,73.1,973.8,8.3,3.5,10.7,0.1,0.3,147.8
Terry McLaurin WAS,74.8,"1,005.40",7.9,0.5,0.5,0,0.3,147.3
DJ Moore BUF,68.1,871.7,7.5,11.5,58.5,0.7,0.8,140.6
Courtland Sutton DEN,72.7,930.8,7.8,0,0,0,0.2,139.4
Ladd McConkey LAC,77.3,987.2,6.6,0,0,0,0.3,137.9
Jaylen Waddle DEN,75.9,983.1,6,2.5,18.6,0,0.3,135.7
Luther Burden III CHI,73.9,972.8,5.6,8.6,40.8,0.2,0.3,135.2
Christian Watson GB,51.5,861.4,7.6,2.6,12.1,0.1,0.3,132.5
DK Metcalf PIT,62.9,921.2,6.1,1,5,0.5,0.2,131.6
Marvin Harrison Jr. ARI,68.8,951.5,6,0,0,0,0.3,130.7
Mike Evans SF,63.7,907.6,6.6,0,0,0,0.2,130.2
Parker Washington JAC,62.4,882,6.1,8,20.4,0.1,0.4,126.7
Brian Thomas Jr. JAC,55.5,848.5,5.5,4,27.1,0.6,0.2,123.8
Quentin Johnston LAC,55.4,779.8,7.3,2.5,9.4,0,0.7,121.5
Jakobi Meyers JAC,72.4,830.2,5.6,5.5,25,0.1,0.8,118.3
Jordan Addison MIN,55.2,751.4,5.6,2.5,46.2,0.6,0.2,116.2
Jordyn Tyson NO,64.2,893.2,4.5,1,5,0,1.3,114.1
Carnell Tate TEN,66,897.1,4.3,1,4.5,0,1.4,113.2
Xavier Worthy KC,54.2,713.4,4.3,17.2,111,0.8,0.2,112.4
Jayden Reed GB,61.2,729.7,4.7,12.5,95.9,0.2,0.4,111.2
Romeo Doubs NE,57.8,747.5,6,0,0,0,0.3,110
Makai Lemon PHI,58.3,820.8,4.7,1.5,7,0,1.3,108.6
Chris Godwin Jr. TB,67.6,771,5.3,0.5,0.5,0,0.3,108.3
Michael Wilson ARI,66.5,804.8,4.6,0,1,0,0.2,107.9
Ricky Pearsall SF,60.8,839.9,3.4,4.2,21.2,0.1,0.3,106.7
Michael Pittman Jr. PIT,82.7,772,4.9,0,0,0,0.3,106.2
Calvin Ridley TEN,48.6,784.5,2.9,4.5,28,0.6,0.2,101.9
Matthew Golden GB,55.4,746.4,3.9,8.2,40.9,0.1,0.4,101.7
Wan'Dale Robinson TEN,83.9,826,3,3,14.2,0.1,0.3,101.6
Rashid Shaheed SEA,45.9,698.1,3.7,13.4,88.8,0.3,0.8,101.1
Khalil Shakir BUF,72.5,739.5,4.3,1.7,8.3,0.1,0.8,99.6
Theo Wease Jr. MIA,48,684,5,2,8,0,1,97.2
Josh Downs IND,76.8,715.3,4.3,2.1,6.4,0,0.8,96.8
Rashod Bateman BAL,38.4,594.4,6,0,0,0,0.2,95
Tre Tucker LV,50.1,633.5,3.8,10.7,52.9,0.2,0.1,91.9
Tank Dell HOU,50,632.7,3.8,10.2,48.8,0.1,0.2,91.4
Jalen Coker CAR,56.9,684.5,4.1,0,0,0,0.8,91.3
Jerry Jeudy CLE,54.7,746.6,2.9,0.5,2,0,0.7,90.5
John Metchie III CAR,64,599,5,3,-4,0,0,89.9
KC Concepcion CLE,55.6,707.6,3.1,4.2,22.4,0.1,1.3,89.8
Jayden Higgins HOU,49.3,608.7,4.7,0,0,0,0.2,88.7
Jalen McMillan TB,46.6,606.8,3.9,4.7,26.8,0.1,0.2,87.2
Omar Cooper Jr. NYJ,53.4,644.6,3.8,2.1,12.5,0.1,1.3,86.3
Jauan Jennings MIN,48.7,556.5,5.2,0,0,0,0.7,85.2
Jalen Nailor LV,42,566.4,4.4,2,8.5,0,0.2,83.7
Antonio Williams WAS,44.4,600.1,3.6,3.5,18.7,0.1,1.2,81.7
Denzel Boston CLE,50.4,633.7,3,1,5,0,0.8,80.1
Cooper Kupp SEA,47.4,583.7,3.4,0.5,1.5,0,0.7,77.6
Germie Bernard PIT,44.6,554.8,3.1,2.1,10.8,0,0.8,73.9
Darnell Mooney NYG,36.5,535.2,2.8,1.1,6,0,0.1,70.6
Kayshon Boutte NE,30.3,462,4,0,0,0,0.1,70.2
Travis Hunter JAC,41.6,496.2,3.3,2,10.8,0.1,0.4,70
Chris Bell MIA,44.3,581.5,2.1,0,0,0,0.5,69.6
Bub Means NO,38,517,3,1,7,0,1,68.4
Christian Kirk SF,40.4,487.6,3.1,0,0,0,0.1,67.3
Tyquan Thornton KC,25.4,464.9,3.4,0,0,0,0.1,67
Ja'Kobi Lane BAL,30.4,459.2,3.4,1.5,8.5,0,0.6,66.1
Caleb Douglas MIA,39.6,506.8,2.5,1,5.5,0,0.7,65
Tory Horton SEA,29.8,400.4,4.2,0.5,3,0,0.6,64
Darius Slayton NYG,35.4,520.9,2,1.6,8.6,0,0.7,63.8
Troy Franklin DEN,36.5,396.4,3.9,3,10.8,0,0.6,63.1
Malik Washington MIA,42.1,371.2,2.2,13.3,79.3,0.7,0.8,61.1
Nick Westbrook-Ikhine IND,34.3,432.7,3,0,0,0,0.3,60.9
De'Zhaun Stribling SF,33.1,452.9,2.6,1.5,6.5,0,0.6,60.1
Isaac TeSlaa DET,25.4,351.8,4.1,0,0,0,0.1,59.6
Devaughn Vele NO,35.1,422.8,2.8,0,0,0,0.1,59.1
Hollywood Brown PHI,31.3,388.8,3.3,0,0,0,0.1,58.2
Jack Bech LV,41.4,483,1.8,0,0,0,0.4,58.1
Andrei Iosivas CIN,31.1,393.6,2.9,2.5,11.1,0,0.1,57.8
Ryan Flournoy DAL,34,384.6,2.7,2.2,12.4,0.1,0.4,55.5
Dyami Brown WAS,29.9,394.6,2.7,0,0,0,0.3,55
Tre' Harris LAC,34.5,407.7,2.5,0,0,0,0.4,54.8
Ted Hurst III TB,28.9,389.3,2.6,1,6.5,0,0.6,53.7
Adonai Mitchell NYJ,26.5,381.5,2.3,2.2,11.1,0.1,0.3,53
Jahan Dotson ATL,31.9,402.9,2.1,0,0,0,0.2,52.2
Ashton Dulin IND,22.5,378.9,1.5,5.1,46.2,0.1,0.1,51.6
Olamide Zaccheaus ATL,37.2,352.9,2.1,1.5,9.5,0,0.2,48.7
Chimere Dike TEN,25.1,240.2,3.3,10.6,34.1,0.3,0.6,47.5
Dontayvion Wicks PHI,29.6,333.6,2.3,0.5,3,0,0.1,47.1
Van Jefferson WAS,28,357.7,1.9,0,0,0,0.2,47
Keon Coleman BUF,22.5,309.4,2.6,0,0,0,0.2,46
Xavier Hutchinson HOU,26.4,320.6,2.1,2.1,14.2,0,0.1,45.9
KaVontae Turpin DAL,18.3,230.4,1.7,17.7,102.4,0.4,0.4,45.4
Savion Williams GB,23.9,272,2,9,47,0.3,0.3,45.1
Jalen Tolbert MIA,30.1,364.3,1.4,0,0,0,0.3,44.5
Elic Ayomanor TEN,21.5,287.8,2.6,0,0,0,0,44.3
Xavier Legette CAR,26.6,307.9,2.1,2.1,10.8,0.1,0.3,44.1
Pat Bryant DEN,28.5,319.6,2.1,0,0,0,0.3,44
Joshua Palmer BUF,25.9,337.2,1.6,0,0,0,0.1,43.3
Marvin Mims Jr. DEN,24.2,272.4,1.6,8.2,45,0.3,0.4,42.6
Jahdae Walker CHI,18.7,243.8,2.8,0.5,3.5,0,0,41.6
Calvin Austin III NYG,20.5,273.7,2.2,0,0,0,0,40.8
Cedric Tillman CLE,21.5,269.4,2.3,0,-0.5,0,0,40.4
Elijah Sarratt BAL,19.5,294.5,1.8,0,0,0,0.2,39.7
DeMario Douglas NE,22.7,271.1,1.5,4.1,21.4,0.2,0.3,38.6
Jaylin Lane WAS,22.8,281,1.8,0,0,0,0.2,38.4
Chris Brazzell II CAR,22.5,287.7,1.7,0,0,0,0.2,38.3
Kalif Raymond CHI,26.7,264.8,1.3,4.6,27.2,0.2,0.3,37.1
Demarcus Robinson SF,17.7,252.4,1.7,0.5,2.5,0,0,35.4
Jaylin Noel HOU,21.6,239.3,1.4,4.2,22.2,0.1,0.3,34.6
Tutu Atwell MIA,20.7,292.1,0.4,2.1,11.1,0.1,0.2,32.9
Zachariah Branch ATL,21,251.6,1.3,0,0,0,0.2,32.4
Luke McCaffrey WAS,12,189,2,0,0,0,0,30.9
Treylon Burks WAS,15.8,215.5,1.3,0,0,0,0.1,29
Jalen Royals KC,17,198,1.5,0,0,0,0.2,28.7
Kendrick Bourne ARI,22.7,239.7,0.7,0,0,0,0.2,27.5
Jordan Whittington LAR,15,172,1.2,2.3,12.1,0.1,0.2,26.2
Bryce Lance NO,16.4,204.3,0.9,0,0,0,0.2,25.7
Dont'e Thornton Jr. LV,15.1,210.5,0.8,0,0,0,0.2,25.2
Devontez Walker BAL,11.6,166.4,1.2,0,0,0,0.1,23.4
Odell Beckham Jr. NYG,14.3,175.8,1,0.5,2.7,0,0.1,23.4
Skyler Bell BUF,12.1,163.4,1,0,0,0,0.1,21.9
Malachi Fields NYG,13.2,157.5,0.9,0,0,0,0.1,20.9
Konata Mumpfield LAR,9.9,126.7,1.2,0,0,0,0.1,19.4
Brenen Thompson LAC,9.5,120.8,0.7,2.1,11.3,0.1,0.1,17.8
Mack Hollins NE,10.8,126.7,0.8,0,0,0,0.1,17.2
KeAndre Lambert-Smith LAC,9.6,120.8,0.9,0,0,0,0.1,17
Kyle Williams NE,6.4,91.5,0.6,4.1,22.3,0.2,0.1,15.6
Tez Johnson TB,6.6,77.8,0.6,4.4,23.2,0.2,0.1,14.9
Mitch Tinsley CIN,6.6,84,0.8,0,0,0,0.1,12.9
Kevin Coleman Jr. MIA,9.2,113.4,0.3,0,0,0,0.1,12.8
Xavier Smith LAR,7.2,89.3,0.7,0,0,0,0.1,12.7
Cyrus Allen KC,6.4,79.5,0.5,0,0,0,0.1,10.8
Greg Dortch DET,4.1,39.8,0.3,4.6,24,0.4,0.1,10
Anthony Gould IND,7,74.3,0.3,0,0,0,0.1,9.3
Bo Melton GB,2.9,37.6,0.3,4.5,26,0.1,0.1,8.6
Isaiah Bond CLE,2.8,36.6,0.2,4.3,23.5,0.1,0.1,7.9
Mason Tipton NO,3.3,37.5,0.2,4.3,23.6,0.2,0.1,7.8
Tyrell Shavers BUF,4,52.1,0.3,0,0,0,0,6.9
Derius Davis LAC,3.5,37.8,0.3,2.1,11,0.1,0.1,6.7
Ben Skowronek PIT,5.4,51,0.2,0,0,0,0,6.3
David Moore CAR,3.1,36.7,0.2,2.1,11.4,0.1,0.1,6.3
CJ Daniels LAR,3.4,42.8,0.3,0,0,0,0,6.3
Isaiah Williams NYJ,3.8,35.8,0.1,2.2,12.7,0.1,0.1,6.2
Colbie Young CIN,3.5,43.2,0.3,0,0,0,0,6.2
Zavion Thomas CHI,3.1,37.8,0.3,0,0,0,0,5.6
Malachi Corley CLE,0,0,0,6.4,43.8,0.2,0.1,5.5
Jonathan Mingo DAL,2.9,40.7,0.3,0,0,0,0,5.5
Justin Watson HOU,3.1,41.6,0.2,0,0,0,0,5.4
Darius Cooper PHI,3.3,37.6,0.3,0,0,0,0,5.2
Tai Felton MIN,3.7,37,0.2,0,0,0,0,5.1
Reggie Virgil ARI,3.4,39.3,0.1,0,0,0,0,4.7
Kaden Wetjen PIT,1.6,18.8,0.1,2.1,11.6,0.1,0,4
Arian Smith NYJ,0,0,0,4.3,23.6,0.2,0,3.4
Jimmy Horn Jr. CAR,0,0,0,4.1,24.7,0.1,0,3
Kameron Johnson TB,0,0,0,2.2,12.1,0.1,0,1.8
JuJu Smith-Schuster NYG,1.2,13,0.1,0,0,0,0,1.6
Braxton Berrios NYG,0,0,0,0,0,0,0,0
Devin Duvernay ARI,0,0,0,0,0,0,0,0
Mason Kinsey TEN,0,0,0,0,0,0,0,0
Michael Bandy DEN,0,0,0,0,0,0,0,0
Skyy Moore GB,0,0,0,0,0,0,0,0
Britain Covey PHI,0,0,0,0,0,0,0,0
Dareke Young LV,0,0,0,0,0,0,0,0
Jacob Cowing SF,0,0,0,0,0,0,0,0
Charlie Jones CIN,0,0,0,0,0,0,0,0
Barion Brown NO,0,0,0,0,0,0,0,0
Jalen Brooks ARI,0,0,0,0,0,0,0,0
Brycen Tremayne CAR,0,0,0,0,0,0,0,0
Nikko Remigio KC,0,0,0,0,0,0,0,0
Jeshaun Jones MIN,0,0,0,0,0,0,0,0
Efton Chism III NE,0,0,0,0,0,0,0,0
LaJohntay Wester BAL,0,0,0,0,0,0,0,0
Ke'Shawn Williams CIN,0,0,0,0,0,0,0,0
Myles Price MIN,0,0,0,0,0,0,0,0
Gage Larvadain CLE,0,0,0,0,0,0,0,0
Josh Cameron JAC,0,0,0,0,0,0,0,0