"Rank","Player","TGT","TGT %","REC","YDS","Y/R","20+","TD","ATT","YDS","TD","FL","G","FPTS","FPTS/G","ROST"
"1","Mark Andrews (BAL)","153","25.9","107","1,361","12.7","20","9","1","0","0","0","17","301.1","17.7","85.5%"
"2","Travis Kelce (KC)","134","21.1","92","1,125","12.2","13","9","2","3","1","1","16","262.8","16.4","91.9%"
"3","Dalton Schultz (DAL)","104","16.5","78","808","10.4","6","8","0","0","0","0","17","208.8","12.3","36.1%"
"4","George Kittle (SF)","94","18.8","71","910","12.8","13","6","3","20","0","1","14","198.0","14.1","92.0%"
"5","Zach Ertz (ARI)","112","21","74","763","10.3","7","5","1","4","0","0","17","180.7","10.6","3.8%"
"6","Kyle Pitts Sr. (ATL)","110","19.9","68","1,026","15.1","16","1","0","0","0","0","17","176.6","10.4","96.0%"
"7","Rob Gronkowski (TB)","89","12.4","55","802","14.6","16","6","0","0","0","0","12","171.2","14.3","1.3%"
"8","Mike Gesicki (MIA)","112","18.7","73","780","10.7","12","2","0","0","0","0","17","165.0","9.7","17.7%"
"8","Dallas Goedert (PHI)","76","16.3","56","830","14.8","14","4","0","0","0","0","15","165.0","11.0","89.9%"
"10","Hunter Henry (NE)","75","14.5","50","603","12.1","8","9","0","0","0","0","16","164.3","10.3","64.6%"
"11","Dawson Knox (BUF)","71","11.4","49","587","12.0","8","9","0","4","0","0","15","164.1","10.9","10.4%"
"12","Noah Fant (DEN)","90","17.8","68","670","9.9","7","4","0","0","0","0","16","159.0","9.9","3.6%"
"13","Pat Freiermuth (PIT)","79","12.3","60","497","8.3","2","7","0","0","0","1","16","151.7","9.5","23.9%"
"14","Tyler Higbee (LAR)","85","14","61","560","9.2","3","5","0","0","0","0","15","147.0","9.8","5.2%"
"15","T.J. Hockenson (DET)","84","15","61","583","9.6","8","4","0","0","0","0","12","145.3","12.1","61.2%"
"16","Tyler Conklin (MIN)","87","15.1","61","593","9.7","4","3","0","0","0","0","17","138.3","8.1","0.8%"
"17","Darren Waller (LV)","93","15.5","55","665","12.1","13","2","0","0","0","0","11","133.5","12.1","4.1%"
"18","Jared Cook (LAC)","83","13.1","48","564","11.8","7","4","0","0","0","0","16","132.4","8.3","0.0%"
"19","C.J. Uzomah (CIN)","63","11.8","49","493","10.1","7","5","0","0","0","0","16","128.3","8.0","0.0%"
"20","Taysom Hill (NO)","6","1.2","4","52","13.0","0","0","70","374","5","0","12","126.8","10.6","0.8%"
"21","Cole Kmet (CHI)","93","17.9","60","612","10.2","7","0","1","0","0","0","17","121.2","7.1","11.6%"
"22","Gerald Everett (SEA)","63","13.2","48","478","10.0","5","4","3","20","0","2","15","117.8","7.9","1.4%"
"23","David Njoku (CLE)","53","10.6","36","475","13.2","8","4","1","1","0","0","15","107.6","7.2","30.6%"
"24","Evan Engram (NYG)","73","13.1","46","408","8.9","2","3","1","-3","0","1","15","102.5","6.8","17.5%"
"25","Austin Hooper (CLE)","61","12.2","38","345","9.1","4","3","0","0","0","0","15","92.5","6.2","1.9%"
"26","Foster Moreau (LV)","44","7.3","30","373","12.4","6","3","0","0","0","0","15","85.3","5.7","0.7%"
"27","Mo Alie-Cox (IND)","45","9","24","316","13.2","5","4","0","0","0","0","17","79.6","4.7","0.6%"
"28","Jack Doyle (IND)","43","8.6","29","302","10.4","3","3","0","0","0","0","15","79.2","5.3","2.0%"
"29","Anthony Firkser (TEN)","43","8.5","34","291","8.6","1","2","0","0","0","1","15","79.1","5.3","0.0%"
"30","Cameron Brate (TB)","57","8","30","245","8.2","0","4","0","0","0","0","16","78.5","4.9","2.0%"
"31","Albert Okwuegbunam Jr. (DEN)","40","8","33","330","10.0","3","2","0","0","0","1","14","76.0","5.4","0.0%"
"32","Dan Arnold (JAC)","52","9","35","408","11.7","2","0","0","0","0","1","11","75.8","6.9","0.0%"
"33","Durham Smythe (MIA)","41","6.8","34","357","10.5","5","0","2","3","0","0","16","70.0","4.4","0.6%"
"33","Geoff Swaim (TEN)","40","8","31","210","6.8","2","3","0","0","0","0","16","70.0","4.4","0.0%"
"35","Ricky Seals-Jones (WAS)","49","9","30","271","9.0","1","2","0","0","0","0","11","69.1","6.3","0.0%"
"36","Jonnu Smith (NE)","45","8.9","28","294","10.5","5","1","9","40","0","0","16","67.4","4.2","5.9%"
"37","Ryan Griffin (NYJ)","42","7","27","261","9.7","4","2","0","0","0","0","14","65.1","4.7","0.0%"
"38","Hayden Hurst (ATL)","31","5.6","26","221","8.5","1","3","0","0","0","1","12","64.1","5.3","1.3%"
"39","Adam Trautman (NO)","43","9.1","27","263","9.7","2","2","0","0","0","1","11","63.3","5.8","0.6%"
"40","Harrison Bryant (CLE)","28","5.6","21","233","11.1","4","3","0","0","0","0","15","62.3","4.2","0.0%"
"41","Josiah Deguara (GB)","33","5.9","25","245","9.8","3","2","0","0","0","0","14","61.5","4.4","0.0%"
"42","Kyle Rudolph (NYG)","39","7.2","26","257","9.9","3","1","0","0","0","0","15","59.7","4.0","1.9%"
"43","Donald Parham Jr. (LAC)","27","4.4","20","190","9.5","1","3","0","0","0","0","14","59.0","4.2","1.0%"
"44","Brevin Jordan (HOU)","28","5.5","20","178","8.9","2","3","0","0","0","0","8","55.8","7.0","0.6%"
"45","Logan Thomas (WAS)","25","4.6","18","196","10.9","2","3","0","0","0","1","5","53.6","10.7","0.0%"
"46","Tommy Tremble (CAR)","35","5.9","20","180","9.0","1","1","3","11","1","0","15","53.1","3.5","1.8%"
"47","Juwan Johnson (NO)","22","4.4","13","159","12.2","3","4","0","0","0","0","13","52.9","4.1","52.3%"
"48","John Bates (WAS)","25","4.8","20","249","12.5","4","1","0","0","0","0","13","50.9","3.9","0.7%"
"49","Jimmy Graham (CHI)","23","4.6","14","167","11.9","2","3","0","0","0","0","11","50.7","4.6","0.1%"
"50","Robert Tonyan (GB)","29","5.1","18","204","11.3","4","2","0","0","0","0","8","50.4","6.3","0.0%"
"50","James O'Shaughnessy (JAC)","34","5.9","24","244","10.2","5","0","0","0","0","0","7","50.4","7.2","0.0%"
"52","Will Dissly (SEA)","26","5.2","21","231","11.0","5","1","0","0","0","0","13","50.1","3.9","0.6%"
"53","MyCole Pruitt (TEN)","19","3.8","14","145","10.4","2","3","0","0","0","0","13","48.5","3.7","1.0%"
"54","Marcedes Lewis (GB)","28","5.1","23","214","9.3","3","0","0","0","0","0","13","44.4","3.4","0.0%"
"55","Jordan Akins (HOU)","33","6.5","24","214","8.9","1","0","1","3","0","2","12","41.7","3.5","1.0%"
"56","Maxx Williams (ARI)","17","3","16","193","12.1","3","1","0","0","0","0","5","41.3","8.3","0.0%"
"57","Tyler Kroft (NYJ)","25","4.2","16","173","10.8","3","1","0","0","0","0","9","39.3","4.4","0.0%"
"58","Stephen Anderson (LAC)","19","3.1","16","165","10.3","3","1","0","0","0","0","14","38.5","2.8","0.0%"
"59","Pharaoh Brown (HOU)","34","6.8","23","171","7.4","2","0","0","0","0","1","13","38.1","2.9","0.0%"
"60","Ian Thomas (CAR)","30","5","18","188","10.4","3","0","0","0","0","0","14","36.8","2.6","0.1%"
"61","Zach Gentry (PIT)","25","4","19","167","8.8","2","0","0","0","0","0","10","35.7","3.6","0.0%"
"61","Brock Wright (DET)","17","3.1","12","117","9.8","2","2","0","0","0","0","8","35.7","4.5","0.8%"
"63","O.J. Howard (TB)","21","2.7","14","135","9.6","1","1","0","0","0","0","11","33.5","3.0","0.0%"
"64","Blake Jarwin (DAL)","17","2.7","11","96","8.7","1","2","0","0","0","0","8","32.6","4.1","4.0%"
"65","Eric Ebron (PIT)","18","2.8","12","84","7.0","0","1","1","1","1","0","8","32.5","4.1","0.0%"
"66","Nick Vannett (NO)","15","3.1","9","133","14.8","2","1","0","0","0","0","7","28.3","4.0","0.0%"
"67","Adam Shaheen (MIA)","16","2.7","12","110","9.2","1","0","0","0","0","0","9","23.0","2.6","0.0%"
"68","Jody Fortson Jr. (KC)","5","0.9","5","47","9.4","1","2","0","0","0","0","4","21.7","5.4","0.0%"
"69","Kylen Granson (IND)","15","3","11","106","9.6","1","0","0","0","0","0","10","21.6","2.2","1.2%"
"70","Lee Smith (ATL)","11","2","9","65","7.2","1","1","0","0","0","0","10","21.5","2.2","0.0%"
"71","Jacob Hollister (JAC)","14","2.4","9","55","6.1","0","1","0","0","0","0","7","20.5","2.9","1.0%"
"72","Tommy Sweeney (BUF)","12","2","9","44","4.9","0","1","0","0","0","0","7","19.4","2.8","0.0%"
"73","Jesse James (CHI)","8","1.6","7","62","8.9","0","1","0","0","0","0","5","19.2","3.8","0.0%"
"74","Drew Sample (CIN)","15","2.9","11","81","7.4","0","0","0","0","0","0","10","19.1","1.9","0.6%"
"74","Chris Manhertz (JAC)","9","1.7","6","71","11.8","1","1","0","0","0","0","10","19.1","1.9","0.1%"
"76","Eric Saubert (DEN)","12","2.4","8","47","5.9","0","1","0","0","0","0","10","18.7","1.9","0.9%"
"76","Blake Bell (KC)","13","2.4","9","87","9.7","2","0","4","10","0","0","12","18.7","1.6","0.0%"
"78","Noah Gray (KC)","10","1.8","7","36","5.1","0","1","0","0","0","0","7","16.6","2.4","6.3%"
"79","Jesper Horsted (CHI)","3","0.6","2","21","10.5","0","2","0","0","0","0","4","16.1","4.0","0.0%"
"80","Antony Auclair (HOU)","5","1","5","47","9.4","0","1","0","0","0","0","4","15.7","3.9","0.0%"
"81","Josh Oliver (BAL)","15","2.7","9","66","7.3","0","0","0","0","0","0","11","15.6","1.4","1.2%"
"82","Ross Dwelley (SF)","5","1","4","51","12.8","1","1","0","0","0","0","4","15.1","3.8","0.0%"
"83","Chris Herndon IV (MIN)","7","1.2","4","40","10.0","0","1","0","0","0","0","6","14.0","2.3","0.0%"
"84","Sean McKeon (DAL)","6","1","4","27","6.8","0","1","0","0","0","0","5","12.7","2.5","0.0%"
"85","Luke Farrell (JAC)","11","1.9","7","56","8.0","1","0","0","0","0","0","9","12.6","1.4","0.6%"
"86","Tyree Jackson (PHI)","7","1.5","3","22","7.3","0","1","0","0","0","0","3","11.2","3.7","0.0%"
"87","Chris Myarick (NYG)","6","1.2","3","17","5.7","0","1","0","0","0","0","5","10.7","2.1","0.0%"
"88","Tre' McKitty (LAC)","8","1.5","6","45","7.5","0","0","0","0","0","0","6","10.5","1.8","0.0%"
"89","Charlie Woerner (SF)","6","1.2","5","52","10.4","1","0","0","0","0","0","8","10.2","1.3","0.1%"
"90","Parker Hesse (ATL)","6","1.1","5","43","8.6","0","0","0","0","0","0","4","9.3","2.3","0.0%"
"91","Colby Parkinson (SEA)","8","1.6","5","33","6.6","0","0","0","0","0","0","6","8.3","1.4","23.2%"
"91","Darren Fells (DET)","5","0.9","4","43","10.8","1","0","0","0","0","0","3","8.3","2.8","0.0%"
"93","Garrett Griffin (NO)","4","0.8","4","39","9.8","0","0","0","0","0","0","5","7.9","1.6","0.0%"
"94","Kendall Blanton (LAR)","7","1.2","4","37","9.3","1","0","0","0","0","0","4","7.7","1.9","0.0%"
"95","Tyler Davis (GB)","5","1","4","35","8.8","1","0","0","0","0","0","8","7.5","0.9","0.0%"
"96","Trevon Wesco (NYJ)","5","0.9","3","35","11.7","0","0","0","0","0","0","8","6.5","0.8","0.0%"
"97","Shane Zylstra (DET)","7","1.3","3","34","11.3","0","0","0","0","0","0","3","6.4","2.1","1.1%"
"98","Kaden Smith (NYG)","3","0.6","3","33","11.0","1","0","0","0","0","0","4","6.3","1.6","0.0%"
"99","Jack Stoll (PHI)","5","1","4","22","5.5","0","0","0","0","0","0","6","6.2","1.0","0.1%"
"100","Jeremy Sprinkle (DAL)","3","0.5","3","31","10.3","0","0","0","0","0","0","6","6.1","1.0","0.0%"
"100","Tommy Hudson (TEN)","6","1.2","3","31","10.3","0","0","0","0","0","0","4","6.1","1.5","0.0%"
"102","Kenny Yeboah (NYJ)","3","0.5","2","36","18.0","1","0","0","0","0","0","3","5.6","1.9","0.0%"
"103","Dominique Dafney (GB)","4","0.8","2","34","17.0","1","0","0","0","0","0","6","5.4","0.9","0.0%"
"104","Daniel Brown (NYJ)","2","0.3","2","29","14.5","1","0","0","0","0","0","3","4.9","1.6","0.0%"
"105","Mitchell Wilcox (CIN)","5","0.9","3","16","5.3","0","0","0","0","0","0","4","4.6","1.2","0.0%"
"106","Demetrius Harris (ARI)","6","1.1","3","10","3.3","0","0","0","0","0","0","10","4.0","0.4","0.0%"
"107","Cethan Carter (MIA)","2","0.4","2","16","8.0","0","0","0","0","0","0","9","3.6","0.4","0.0%"
"108","Derek Carrier (LV)","2","0.3","2","13","6.5","0","0","0","0","0","0","2","3.3","1.7","0.0%"
"109","Luke Stocker (MIN)","2","0.4","2","12","6.0","0","0","0","0","0","0","6","3.2","0.5","4.6%"
"110","Richard Rodgers (PHI)","2","0.4","2","11","5.5","0","0","0","0","0","0","1","3.1","3.1","0.0%"
"111","Kevin Rader (PIT)","3","0.5","2","8","4.0","0","0","0","0","0","0","3","2.8","0.9","0.0%"
"111","Ethan Wolf (NO)","2","0.4","2","8","4.0","0","0","0","0","0","0","1","2.8","2.8","0.0%"
"113","Johnny Mundt (LAR)","1","0.2","1","9","9.0","0","0","0","0","0","0","3","1.9","0.6","0.1%"
"113","Brycen Hopkins (LAR)","1","0.2","1","9","9.0","0","0","0","0","0","0","1","1.9","1.9","0.0%"
"115","Hunter Long (MIA)","3","0.6","1","8","8.0","0","0","0","0","0","0","3","1.8","0.6","0.6%"
"116","Eric Tomlinson (BAL)","2","0.4","1","7","7.0","0","0","0","0","0","0","7","1.7","0.2","0.0%"
"117","Nick Boyle (BAL)","2","0.4","1","2","2.0","0","0","0","0","0","0","2","1.2","0.6","0.0%"
"118","Deon Yelder (TB)","1","0.1","1","0","0.0","0","0","0","0","0","0","2","1.0","0.5","0.0%"
"118","Darrell Daniels (ARI)","4","0.8","1","0","0.0","0","0","0","0","0","0","10","1.0","0.1","0.0%"
"120","Daniel Helm (LV)","2","0.4","1","-1","-1.0","0","0","0","0","0","0","3","0.9","0.3","0.0%"
"121","Andrew Beck (DEN)","0","0","0","0","0","0","0","0","0","0","0","1","0.0","0.0","0.2%"
"121","Codey McElroy (TB)","1","0.1","0","0","0","0","0","0","0","0","0","2","0.0","0.0","0.0%"
"121","N'Keal Harry (NE)","22","4.3","12","184","15.3","3","0","0","0","0","1","10","0.0","0.0","0.0%"
"121","Giovanni Ricci (CAR)","2","0.4","0","0","0","0","0","0","0","0","0","9","0.0","0.0","0.0%"
"121","Rashod Berry (DET)","0","0","0","0","0","0","0","0","0","0","0","4","0.0","0.0","1.0%"
"121","Noah Togiai (PHI)","0","0","0","0","0","0","0","0","0","0","0","1","0.0","0.0","0.0%"
"121","Farrod Green (IND)","0","0","0","0","0","0","0","0","0","0","0","1","0.0","0.0","0.0%"
"121","Ben Ellefson (MIN)","1","0.2","0","0","0","0","0","0","0","0","0","3","0.0","0.0","0.0%"
"121","Matt Orzech (LAR)","0","0","0","0","0","0","0","0","0","0","0","2","0.0","0.0","0.0%"
"121","Jared Pinkney (DET)","0","0","0","0","0","0","0","0","0","0","0","1","0.0","0.0","0.0%"
"121","Antonio Gandy-Golden (WAS)","0","0","0","0","0","0","0","0","0","0","0","1","0.0","0.0","0.0%"
"121","Stephen Sullivan (CAR)","1","0.2","0","0","0","0","0","0","0","0","0","1","0.0","0.0","0.0%"
"121","Feleipe Franks (ATL)","0","0","0","0","0","0","0","3","6","0","0","6","0.0","0.0","0.0%"
"121","J.P. Holtz (CHI)","0","0","0","0","0","0","0","0","0","0","0","5","0.0","0.0","0.0%"
"121","Colin Thompson (CAR)","1","0.2","0","0","0","0","0","0","0","0","0","3","0.0","0.0","0.0%"
"121","Miller Forristall (CLE)","0","0","0","0","0","0","0","0","0","0","0","1","0.0","0.0","0.0%"
"121","Sammis Reyes (WAS)","0","0","0","0","0","0","0","0","0","0","0","3","0.0","0.0","0.0%"
"121","Clark Harris (CIN)","0","0","0","0","0","0","0","0","0","0","0","1","0.0","0.0","0.0%"
"121","Andrew DePaola (MIN)","0","0","0","0","0","0","0","0","0","0","0","5","0.0","0.0","0.0%"
"121","Patrick Scales (CHI)","0","0","0","0","0","0","0","0","0","0","0","5","0.0","0.0","0.0%"
"121","James Winchester (KC)","0","0","0","0","0","0","0","0","0","0","0","1","0.0","0.0","0.0%"
"121","Jacob Harris (LAR)","0","0","0","0","0","0","0","0","0","0","0","2","0.0","0.0","0.0%"
"121","Briley Moore (TEN)","0","0","0","0","0","0","0","0","0","0","0","2","0.0","0.0","0.0%"
"121","Nick Ralston (DAL)","0","0","0","0","0","0","0","0","0","0","0","1","0.0","0.0","0.0%"
"121","Jake Hausmann (NYG)","0","0","0","0","0","0","0","0","0","0","0","1","0.0","0.0","0.0%"
""
""