"RK",TIERS,"PLAYER NAME",TEAM,"FANTASYPTS","YDS","TDS","REC","YDS","TDS","ATT","YDS","TDS"
"1",1,"Ja'Marr Chase",CIN,"313.6","0","0","125","1412","8","3","14","0"
"2",1,"Jaxon Smith-Njigba",SEA,"359.9","0","0","119","1793","10","7","36","0"
"3",1,"Puka Nacua",LAR,"375","0","0","129","1715","10","10","105","1"
"4",1,"Bijan Robinson",ATL,"370.8","0","0","79","820","4","287","1478","7"
"5",1,"Jahmyr Gibbs",DET,"366.9","0","0","77","616","5","243","1223","13"
"6",2,"Justin Jefferson",MIN,"201.5","0","0","84","1048","2","2","7","0"
"7",2,"Amon-Ra St. Brown",DET,"324","0","0","117","1401","11","3","9","0"
"8",2,"CeeDee Lamb",DAL,"200.9","0","0","75","1077","3","1","2","0"
"9",2,"Malik Nabers",NYG,"57.1","0","0","18","271","2","0","0","0"
"10",2,"Ashton Jeanty",LV,"245.1","0","0","55","346","5","266","975","5"
"11",2,"Jeremiyah Love",ARI,"0","0","0","0","0","0","0","0","0"
"12",2,"Drake London",ATL,"201.9","0","0","68","919","7","0","0","0"
"13",2,"De'Von Achane",MIA,"322.8","0","0","67","488","4","238","1350","8"
"14",3,"Tetairoa McMillan",CAR,"211.4","0","0","70","1014","7","0","0","0"
"15",3,"Omarion Hampton",LAC,"135.7","0","0","32","192","1","124","545","4"
"16",3,"James Cook III",BUF,"302.2","0","0","33","291","2","309","1621","12"
"17",3,"George Pickens",DAL,"291.9","0","0","93","1429","9","0","0","0"
"18",3,"Nico Collins",HOU,"226.2","0","0","71","1117","6","2","15","1"
"19",3,"Jonathan Taylor",IND,"362.3","0","0","46","378","2","323","1585","18"
"20",3,"Josh Allen",BUF,"374.6","3668","25","0","0","0","112","579","14"
"21",3,"Brock Bowers",LV,"176.2","0","0","64","680","7","2","2","0"
"22",3,"Trey McBride",ARI,"315.9","0","0","126","1239","11","0","0","0"
"23",4,"Drake Maye",NE,"360","4394","31","0","0","0","103","450","4"
"24",4,"Chris Olave",NO,"269","0","0","100","1163","9","1","-3","0"
"25",4,"Emeka Egbuka",TB,"195.7","0","0","63","938","6","2","9","0"
"26",4,"Garrett Wilson",NYJ,"99.5","0","0","36","395","4","0","0","0"
"27",4,"Carnell Tate",TEN,"0","0","0","0","0","0","0","0","0"
"28",4,"Kenneth Walker III",KC,"191.9","0","0","31","282","0","221","1027","5"
"29",4,"Ladd McConkey",LAC,"180.9","0","0","66","789","6","0","0","0"
"30",4,"Breece Hall",NYJ,"207.7","0","0","36","350","1","243","1065","4"
"31",4,"Jayden Daniels",WAS,"117.3","1262","8","0","0","0","58","278","2"
"32",4,"Lamar Jackson",BAL,"221.9","2549","21","0","0","0","67","349","2"
"33",5,"Jordyn Tyson",NO,"0","0","0","0","0","0","0","0","0"
"34",5,"Rashee Rice",KC,"150.1","0","0","53","571","5","5","20","1"
"35",5,"Luther Burden III",CHI,"127.9","0","0","47","652","2","6","37","0"
"36",5,"Colston Loveland",CHI,"165.1","0","0","58","713","6","1","-2","0"
"37",5,"DeVonta Smith",PHI,"201.8","0","0","77","1008","4","0","0","0"
"38",5,"A.J. Brown",NE,"220.3","0","0","78","1003","7","0","0","0"
"39",5,"Chase Brown",CIN,"282.6","0","0","69","437","5","232","1019","6"
"40",5,"Tee Higgins",CIN,"211.6","0","0","59","846","11","0","0","0"
"41",5,"Joe Burrow",CIN,"139.5","1809","17","0","0","0","14","41","0"
"42",5,"Makai Lemon",PHI,"0","0","0","0","0","0","0","0","0"
"43",5,"Zay Flowers",BAL,"243.3","0","0","86","1211","5","10","62","1"
"44",5,"Tyler Warren",IND,"188.5","0","0","76","817","4","6","8","1"
"45",5,"Rome Odunze",CHI,"146.1","0","0","44","661","6","0","0","0"
"46",5,"TreVeyon Henderson",NE,"206.2","0","0","35","221","1","180","911","9"
"47",5,"Caleb Williams",CHI,"325.2","3942","27","0","0","0","77","383","3"
"48",5,"Patrick Mahomes II",KC,"296.7","3587","22","0","0","0","64","422","5"
"49",5,"Jaylen Waddle",DEN,"194.1","0","0","64","910","6","2","28","0"
"50",5,"Christian McCaffrey",SF,"416.6","0","0","102","924","7","311","1202","10"
"51",6,"Justin Herbert",LAC,"299.9","3727","26","0","0","0","83","498","2"
"52",6,"Jameson Williams",DET,"219.9","0","0","65","1117","7","6","12","0"
"53",6,"Saquon Barkley",PHI,"232.3","0","0","37","273","2","280","1140","7"
"54",6,"Harold Fannin Jr.",CLE,"186.4","0","0","72","731","6","7","13","1"
"55",6,"Tucker Kraft",GB,"117.2","0","0","32","489","6","1","3","0"
"56",6,"Jalen Hurts",PHI,"305.1","3224","25","0","0","0","105","421","8"
"57",6,"Marvin Harrison Jr.",ARI,"127.8","0","0","41","608","4","0","0","0"
"58",6,"Quinshon Judkins",CLE,"169.8","0","0","26","171","0","230","827","7"
"59",6,"Brian Thomas Jr.",JAC,"138.8","0","0","48","707","2","3","21","1"
"60",6,"Sam LaPorta",DET,"106.9","0","0","40","489","3","0","0","0"
"61",6,"Trevor Lawrence",JAC,"350.2","4007","29","0","0","0","82","359","9"
"62",6,"Kyren Williams",LAR,"263.3","0","0","36","281","3","259","1252","10"
"63",6,"Jaxson Dart",NYG,"246.6","2272","15","0","0","0","86","487","9"
"64",6,"Bucky Irving",TB,"138.5","0","0","30","277","3","173","588","1"
"65",6,"Javonte Williams",DAL,"242.8","0","0","35","137","2","252","1201","11"
"66",6,"Travis Etienne Jr.",NO,"253.9","0","0","36","292","6","260","1107","7"
"67",6,"Brock Purdy",SF,"187.4","2167","20","0","0","0","33","147","3"
"68",6,"KC Concepcion",CLE,"0","0","0","0","0","0","0","0","0"
"69",6,"Kyle Pitts Sr.",ATL,"210.8","0","0","88","928","5","0","0","0"
"70",6,"Cam Skattebo",NYG,"127.7","0","0","24","207","2","101","410","5"
"71",6,"Bo Nix",DEN,"315.8","3931","25","0","0","0","83","356","5"
"72",6,"Jadarian Price",SEA,"0","0","0","0","0","0","0","0","0"
"73",6,"Alec Pierce",IND,"183.3","0","0","47","1003","6","0","0","0"
"74",7,"Josh Jacobs",GB,"237.1","0","0","36","282","1","234","929","13"
"75",7,"Christian Watson",GB,"132.4","0","0","35","611","6","1","3","0"
"76",7,"Kenyon Sadiq",NYJ,"0","0","0","0","0","0","0","0","0"
"77",7,"Jordan Addison",MIN,"135.1","0","0","42","610","3","2","81","1"
"78",7,"Derrick Henry",BAL,"279.5","0","0","15","150","0","307","1595","16"
"79",7,"DJ Moore",BUF,"170.2","0","0","50","682","6","15","79","1"
"80",7,"DK Metcalf",PIT,"187.2","0","0","59","850","6","2","12","1"
"81",7,"Terry McLaurin",WAS,"114.2","0","0","38","582","3","0","0","0"
"82",7,"Jordan Love",GB,"241.1","3381","23","0","0","0","47","199","0"
"83",7,"Omar Cooper Jr.",NYJ,"0","0","0","0","0","0","0","0","0"
"84",7,"Michael Wilson",ARI,"220.6","0","0","78","1006","7","0","0","0"
"85",7,"Bhayshul Tuten",JAC,"88.6","0","0","10","79","2","83","307","5"
"86",7,"Dak Prescott",DAL,"323.8","4552","30","0","0","0","53","177","2"
"87",7,"D'Andre Swift",CHI,"228.6","0","0","34","299","1","223","1087","9"
"88",7,"Ricky Pearsall",SF,"88.6","0","0","36","528","0","2","-2","0"
"89",7,"Eli Stowers",PHI,"0","0","0","0","0","0","0","0","0"
"90",7,"Denzel Boston",CLE,"0","0","0","0","0","0","0","0","0"
"91",7,"Wan'Dale Robinson",TEN,"217.9","0","0","92","1014","4","3","5","0"
"92",7,"Oronde Gadsden II",LAC,"131.4","0","0","49","664","3","0","0","0"
"93",7,"RJ Harvey",DEN,"206.6","0","0","47","356","5","146","540","7"
"94",8,"Courtland Sutton",DEN,"219.7","0","0","74","1017","7","0","0","0"
"95",8,"Davante Adams",LAR,"222.9","0","0","60","789","14","0","0","0"
"96",8,"Fernando Mendoza",LV,"0","0","0","0","0","0","0","0","0"
"97",8,"Jayden Higgins",HOU,"129.5","0","0","41","525","6","0","0","0"
"98",8,"Mike Evans",SF,"84.8","0","0","30","368","3","0","0","0"
"99",8,"George Kittle",SF,"161.5","0","0","57","628","7","1","-3","0"
"100",8,"Jake Ferguson",DAL,"188.1","0","0","82","600","8","1","1","0"
"101",8,"Dalton Kincaid",BUF,"126.1","0","0","39","571","5","0","0","0"
"102",8,"Parker Washington",JAC,"184.7","0","0","58","847","5","7","0","0"
"103",8,"Xavier Worthy",KC,"109.9","0","0","42","532","1","11","87","0"
"104",8,"Michael Pittman Jr.",PIT,"202.4","0","0","80","784","7","0","0","0"
"105",8,"Isaiah Likely",NYG,"61.7","0","0","27","307","1","0","0","0"
"106",8,"Jakobi Meyers",JAC,"175.8","0","0","75","835","3","5","13","0"
"107",8,"Matthew Golden",GB,"70","0","0","29","361","0","10","49","0"
"108",8,"David Montgomery",HOU,"166.9","0","0","24","192","0","158","716","8"
"109",8,"Jared Goff",DET,"305.1","4564","34","0","0","0","19","45","0"
"110",8,"Josh Downs",IND,"136.4","0","0","58","566","4","2","-2","0"
"111",8,"Baker Mayfield",TB,"282.9","3693","26","0","0","0","55","382","1"
"112",8,"Zach Charbonnet",SEA,"181.4","0","0","20","144","0","184","730","12"
"113",8,"Cam Ward",TEN,"193.7","3169","15","0","0","0","39","159","2"
"114",8,"Kyle Monangai",CHI,"146.7","0","0","18","164","0","169","783","5"
"115",8,"Jayden Reed",GB,"48.5","0","0","19","207","1","3","28","0"
"116",8,"Jaylen Warren",PIT,"217.1","0","0","40","333","2","211","958","6"
"117",8,"C.J. Stroud",HOU,"216.5","3041","19","0","0","0","48","209","1"
"118",8,"Chris Godwin Jr.",TB,"83","0","0","33","360","2","0","0","0"
"119",8,"Quentin Johnston",LAC,"171.2","0","0","51","735","8","2","7","0"
"120",8,"Brenton Strange",JAC,"118","0","0","46","540","3","0","0","0"
"121",8,"Tyler Shough",NO,"164","2384","10","0","0","0","45","186","3"
"122",8,"Kyler Murray",MIN,"80.8","962","6","0","0","0","29","173","1"
"123",8,"Romeo Doubs",NE,"165.4","0","0","55","724","6","0","0","0"
"124",8,"Khalil Shakir",BUF,"166.4","0","0","72","719","4","1","5","0"
"125",8,"Rhamondre Stevenson",NE,"178.8","0","0","32","345","2","130","603","7"
"126",8,"Travis Hunter",JAC,"63.8","0","0","28","298","1","1","0","0"
"127",8,"Sam Darnold",SEA,"249.4","4048","25","0","0","0","35","95","0"
"128",8,"Rico Dowdle",PIT,"216.3","0","0","39","297","1","236","1076","6"
"129",8,"Jonah Coleman",DEN,"0","0","0","0","0","0","0","0","0"
"130",8,"Blake Corum",LAR,"122.2","0","0","8","36","0","145","746","6"
"131",8,"Chuba Hubbard",CAR,"125.4","0","0","30","223","3","134","511","1"
"132",9,"Antonio Williams",WAS,"0","0","0","0","0","0","0","0","0"
"133",9,"Malik Willis",MIA,"51.2","422","3","0","0","0","22","123","2"
"134",9,"Tony Pollard",TEN,"185.8","0","0","33","206","0","242","1082","5"
"135",9,"Daniel Jones",IND,"234.4","3101","19","0","0","0","45","164","5"
"136",9,"Jalen Coker",CAR,"90.4","0","0","33","394","3","0","0","0"
"137",9,"Bryce Young",CAR,"229","3011","23","0","0","0","54","216","2"
"138",9,"Kenneth Gainwell",TB,"221.3","0","0","73","486","3","114","537","5"
"139",9,"Mark Andrews",BAL,"131","0","0","48","422","5","10","48","1"
"140",9,"Dallas Goedert",PHI,"185.1","0","0","60","591","11","0","0","0"
"141",9,"Germie Bernard",PIT,"0","0","0","0","0","0","0","0","0"
"142",9,"Chris Bell",MIA,"0","0","0","0","0","0","0","0","0"
"143",9,"AJ Barner",SEA,"147.3","0","0","52","519","6","10","14","1"
"144",9,"Tyler Allgeier",ARI,"123","0","0","14","96","0","143","514","8"
"145",9,"Terrance Ferguson",LAR,"52.1","0","0","11","231","3","1","0","0"
"146",9,"Ted Hurst III",TB,"0","0","0","0","0","0","0","0","0"
"147",9,"J.K. Dobbins",DEN,"115.9","0","0","11","37","0","153","772","4"
"148",9,"Matthew Stafford",LAR,"358.4","4707","46","0","0","0","29","1","0"
"149",9,"Tyrone Tracy Jr.",NYG,"160.8","0","0","36","288","2","176","740","2"
"150",9,"Chig Okonkwo",WAS,"124","0","0","56","560","2","0","0","0"
"151",9,"Woody Marks",HOU,"151.1","0","0","24","208","3","196","703","2"
"152",9,"Jacory Croskey-Merritt",WAS,"140.3","0","0","9","68","0","175","805","8"
"153",9,"Jonathon Brooks",CAR,"0","0","0","0","0","0","0","0","0"
"154",9,"Tre' Harris",LAC,"69.4","0","0","30","324","1","2","10","0"
"155",9,"De'Zhaun Stribling",SF,"0","0","0","0","0","0","0","0","0"
"156",9,"Nicholas Singleton",TEN,"0","0","0","0","0","0","0","0","0"
"157",9,"Ty Simpson",LAR,"0","0","0","0","0","0","0","0","0"
"158",9,"Jalen McMillan",TB,"29.9","0","0","12","178","0","1","1","0"
"159",9,"Rashid Shaheed",SEA,"156.6","0","0","59","687","2","9","69","0"
"160",9,"Jauan Jennings",MIN,"173.3","0","0","55","643","9","0","0","0"
"161",9,"Rachaad White",WAS,"143","0","0","40","218","0","132","572","4"
"162",9,"Travis Kelce",KC,"193.2","0","0","76","851","5","1","1","0"
"163",10,"Brandon Aiyuk",SF,"0","0","0","0","0","0","0","0","0"
"164",10,"Juwan Johnson",NO,"179.9","0","0","77","889","3","0","0","0"
"165",10,"Emmett Johnson",KC,"0","0","0","0","0","0","0","0","0"
"166",10,"Jordan Mason",MIN,"128.9","0","0","14","51","0","159","758","6"
"167",10,"Max Klare",LAR,"0","0","0","0","0","0","0","0","0"
"168",10,"T.J. Hockenson",MIN,"112.8","0","0","51","438","3","1","0","0"
"169",10,"Chris Rodriguez Jr.",JAC,"92","0","0","3","30","0","112","500","6"
"170",10,"Dylan Sampson",CLE,"87.6","0","0","33","271","2","65","175","0"
"171",10,"Elijah Sarratt",BAL,"0","0","0","0","0","0","0","0","0"
"172",10,"Hunter Henry",NE,"178.8","0","0","60","768","7","0","0","0"
"173",10,"Michael Penix Jr.",ATL,"123.3","1982","9","0","0","0","21","70","1"
"174",10,"Oscar Delp",NO,"0","0","0","0","0","0","0","0","0"
"175",10,"Jaylin Noel",HOU,"68.4","0","0","26","292","2","6","12","0"
"176",10,"Mason Taylor",NYJ,"88.9","0","0","44","369","1","0","0","0"
"177",10,"Tyjae Spears",TEN,"111.7","0","0","45","264","0","72","283","2"
"178",10,"Mike Washington Jr.",LV,"0","0","0","0","0","0","0","0","0"
"179",10,"Kaytron Allen",WAS,"0","0","0","0","0","0","0","0","0"
"180",10,"Gunnar Helm",TEN,"91.7","0","0","44","357","2","0","0","0"
"181",10,"Zachariah Branch",ATL,"0","0","0","0","0","0","0","0","0"
"182",10,"Aaron Jones Sr.",MIN,"118.7","0","0","28","199","1","132","548","2"
"183",10,"Stefon Diggs",FA,"210.3","0","0","85","1013","4","0","0","0"
"184",10,"Isiah Pacheco",DET,"87.3","0","0","19","101","1","118","462","1"
"185",10,"Jerry Jeudy",CLE,"120.7","0","0","50","602","2","1","5","0"
"186",10,"Troy Franklin",DEN,"177.1","0","0","65","709","6","5","12","0"
"187",10,"Malachi Fields",NYG,"0","0","0","0","0","0","0","0","0"
"188",10,"Braelon Allen",NYJ,"15.3","0","0","2","17","0","18","76","1"
"189",10,"Dalton Schultz",HOU,"177.7","0","0","82","777","3","0","0","0"
"190",10,"Pat Bryant",DEN,"74.8","0","0","31","378","1","0","0","0"
"191",10,"J.J. McCarthy",MIN,"137.4","1632","11","0","0","0","37","181","4"
"192",10,"Chris Brazzell II",CAR,"0","0","0","0","0","0","0","0","0"
"193",10,"Kayshon Boutte",NE,"124.1","0","0","33","551","6","0","0","0"
"194",10,"Adonai Mitchell",NYJ,"87.9","0","0","33","453","2","1","-4","0"
"195",10,"Tank Bigsby",PHI,"53.8","0","0","3","32","0","63","356","2"
"196",10,"Brian Robinson Jr.",ATL,"62.5","0","0","8","25","0","92","400","2"
"197",10,"David Njoku",LAC,"86.3","0","0","33","293","4","0","0","0"
"198",10,"Chimere Dike",TEN,"126.1","0","0","48","423","4","11","18","0"
"199",10,"Skyler Bell",BUF,"0","0","0","0","0","0","0","0","0"
"200",10,"Tua Tagovailoa",ATL,"175.7","2660","20","0","0","0","20","43","0"
"201",11,"Isaac TeSlaa",DET,"75.9","0","0","16","239","6","0","0","0"
"202",11,"Shedeur Sanders",CLE,"94.9","1400","7","0","0","0","21","169","1"
"203",11,"Cade Otton",TB,"122.2","0","0","59","572","1","0","0","0"
"204",11,"Deebo Samuel Sr.",FA,"188.2","0","0","72","727","5","17","75","1"
"205",11,"Kaleb Johnson",PIT,"8.8","0","0","1","9","0","28","69","0"
"206",11,"Tank Dell",HOU,"0","0","0","0","0","0","0","0","0"
"207",11,"Pat Freiermuth",PIT,"113.6","0","0","41","486","4","0","0","0"
"208",11,"Elijah Arroyo",SEA,"36.9","0","0","15","179","1","0","0","0"
"209",11,"Theo Johnson",NYG,"127.8","0","0","45","528","5","0","0","0"
"210",11,"Trey Benson",ARI,"35.4","0","0","13","64","0","29","160","0"
"211",11,"Geno Smith",NYJ,"190.9","3025","19","0","0","0","41","109","0"
"212",11,"Eli Raridon",NE,"0","0","0","0","0","0","0","0","0"
"213",11,"Alvin Kamara",NO,"100.7","0","0","33","186","0","131","471","1"
"214",11,"Elic Ayomanor",TEN,"116.5","0","0","41","515","4","0","0","0"
"215",11,"Ja'Kobi Lane",BAL,"0","0","0","0","0","0","0","0","0"
"216",11,"Tory Horton",SEA,"65.1","0","0","13","161","5","0","0","0"
"217",11,"Keon Coleman",BUF,"102.4","0","0","38","404","4","0","0","0"
"218",11,"Tyreek Hill",FA,"53.5","0","0","21","265","1","0","0","0"
"219",11,"Keaton Mitchell",LAC,"55.4","0","0","9","63","0","59","341","1"
"220",11,"Jack Bech",LV,"42.4","0","0","20","224","0","0","0","0"
"221",11,"Kimani Vidal",LAC,"117.9","0","0","16","136","1","155","643","3"
"222",11,"Demond Claiborne",MIN,"0","0","0","0","0","0","0","0","0"
"223",11,"Emanuel Wilson",SEA,"94.5","0","0","15","99","0","125","496","3"
"224",11,"Jacoby Brissett",ARI,"235.4","3366","23","0","0","0","38","168","1"
"225",11,"Kyle Williams",NE,"49.2","0","0","10","209","3","2","3","0"
"226",11,"Dontayvion Wicks",PHI,"75.8","0","0","30","332","2","1","6","0"
"227",11,"Ollie Gordon II",MIA,"54.1","0","0","7","32","1","70","199","3"
"228",11,"Aaron Rodgers",PIT,"234.1","3322","24","0","0","0","21","61","1"
"229",11,"Darnell Mooney",NYG,"82.3","0","0","32","443","1","0","0","0"
"230",11,"Ray Davis",BUF,"64.1","0","0","10","86","2","58","275","0"
"231",11,"Malik Washington",MIA,"116.7","0","0","46","317","3","17","110","1"
"232",11,"Justin Joly",DEN,"0","0","0","0","0","0","0","0","0"
"233",11,"Calvin Ridley",TEN,"47.3","0","0","17","303","0","0","0","0"
"234",11,"James Conner",ARI,"33.3","0","0","8","38","1","32","95","1"
"235",11,"Sean Tucker",TB,"91.4","0","0","8","34","1","86","320","7"
"236",11,"Mac Jones",SF,"136","2151","13","0","0","0","36","60","0"
"237",11,"Tre Tucker",LV,"161.7","0","0","57","696","5","11","51","0"
"238",11,"Seth McGowan",IND,"0","0","0","0","0","0","0","0","0"
"239",11,"Jaylen Wright",MIA,"48.2","0","0","5","44","0","70","288","2"
"240",11,"Michael Mayer",LV,"73.8","0","0","35","328","1","0","0","0"
"241",11,"Adam Randall",BAL,"0","0","0","0","0","0","0","0","0"
"242",11,"Jalen Nailor",LV,"100.7","0","0","29","444","4","2","13","0"
"243",11,"Devin Neal",NO,"60","0","0","17","104","0","57","206","2"
"244",12,"Rashod Bateman",BAL,"55.4","0","0","19","224","2","0","0","0"
"245",12,"Najee Harris",LAC,"11.6","0","0","3","25","0","15","61","0"
"246",12,"Carson Beck",ARI,"0","0","0","0","0","0","0","0","0"
"247",12,"Greg Dulcich",MIA,"62.8","0","0","26","335","1","1","-7","0"
"248",12,"Bryce Lance",NO,"0","0","0","0","0","0","0","0","0"
"249",12,"Anthony Richardson Sr.",IND,"2.2","9","0","0","0","0","4","-1","0"
"250",12,"Jaydon Blue",DAL,"20.4","0","0","1","5","0","38","129","1"
"251",12,"Christian Kirk",SF,"57.9","0","0","28","239","1","0","0","0"
"252",12,"Kaelon Black",SF,"0","0","0","0","0","0","0","0","0"
"253",12,"Justin Fields",KC,"143.7","1259","7","0","0","0","71","383","4"
"254",12,"Marvin Mims Jr.",DEN,"93","0","0","37","322","1","12","78","1"
"255",12,"Ryan Flournoy",DAL,"114","0","0","40","475","4","4","25","0"
"256",12,"J'Mari Taylor",JAC,"0","0","0","0","0","0","0","0","0"
"257",12,"Xavier Legette",CAR,"89.3","0","0","35","363","3","1","0","0"
"258",12,"Deshaun Watson",CLE,"0","0","0","0","0","0","0","0","0"
"259",12,"Cedric Tillman",CLE,"60","0","0","21","270","2","0","0","0"
"260",12,"MarShawn Lloyd",GB,"0","0","0","0","0","0","0","0","0"
"261",12,"Brashard Smith",KC,"63.3","0","0","25","172","1","44","151","0"
"262",12,"Denver Broncos",DEN,"143","0","0","0","0","0","0","0","0"
"263",12,"Evan Engram",DEN,"102.8","0","0","50","461","1","1","7","0"
"264",12,"Kirk Cousins",LV,"108.5","1721","10","0","0","0","14","7","1"
"265",12,"Kendre Miller",NO,"33.3","0","0","5","30","0","47","193","1"
"266",12,"DJ Giddens",IND,"9.6","0","0","0","0","0","26","96","0"
"267",12,"Hollywood Brown",PHI,"137.7","0","0","49","587","5","0","0","0"
"268",12,"Houston Texans",HOU,"164","0","0","0","0","0","0","0","0"
"269",12,"Jarquez Hunter",LAR,"0","0","0","0","0","0","0","0","0"
"270",12,"Cooper Kupp",SEA,"117.3","0","0","47","593","2","0","0","0"
"271",12,"Philadelphia Eagles",PHI,"135","0","0","0","0","0","0","0","0"
"272",12,"Keenan Allen",LAC,"182.7","0","0","81","777","4","0","0","0"
"273",12,"Isaiah Davis",NYJ,"71.2","0","0","21","186","0","43","236","1"
"274",12,"Devaughn Vele",NO,"66.3","0","0","25","293","2","0","0","0"
"275",12,"Tez Johnson",TB,"92.6","0","0","28","322","5","8","24","0"
"276",12,"Brenen Thompson",LAC,"0","0","0","0","0","0","0","0","0"
"277",12,"DeMario Douglas",NE,"95.8","0","0","31","447","3","7","21","0"
"278",12,"Pittsburgh Steelers",PIT,"130","0","0","0","0","0","0","0","0"
"279",12,"Jake Tonges",SF,"93.3","0","0","34","293","5","0","0","0"
"280",12,"Brandon Aubrey",DAL,"187.6","0","0","0","0","0","0","0","0"
"281",12,"Colby Parkinson",LAR,"129.8","0","0","43","408","8","0","0","0"
"282",12,"Los Angeles Rams",LAR,"136","0","0","0","0","0","0","0","0"
"283",12,"Jalen Milroe",SEA,"-1.6","0","0","0","0","0","3","4","0"
"284",12,"Darnell Washington",PIT,"73.4","0","0","31","364","1","0","0","0"
"285",12,"Eli Heidenreich",PIT,"0","0","0","0","0","0","0","0","0"
"286",12,"Sam Roush",CHI,"0","0","0","0","0","0","0","0","0"
"287",12,"Cam Little",JAC,"164","0","0","0","0","0","0","0","0"
"288",12,"Jordan James",SF,"0","0","0","0","0","0","0","0","0"
"289",12,"Seattle Seahawks",SEA,"179","0","0","0","0","0","0","0","0"
"290",12,"Minnesota Vikings",MIN,"136","0","0","0","0","0","0","0","0"
"291",12,"Ja'Tavion Sanders",CAR,"54","0","0","29","190","1","0","0","0"
"292",12,"Mike Gesicki",CIN,"70.7","0","0","28","307","2","0","0","0"
"293",12,"Kevin Coleman Jr.",MIA,"0","0","0","0","0","0","0","0","0"
"294",12,"Cameron Dicker",LAC,"170","0","0","0","0","0","0","0","0"
"295",12,"Drew Allar",PIT,"0","0","0","0","0","0","0","0","0"
"296",12,"Taylen Green",CLE,"0","0","0","0","0","0","0","0","0"
"297",12,"Detroit Lions",DET,"97","0","0","0","0","0","0","0","0"
"298",13,"Jalen Royals",KC,"2.4","0","0","2","4","0","0","0","0"
"299",13,"Will Reichard",MIN,"159","0","0","0","0","0","0","0","0"
"300",13,"Ben Sinnott",WAS,"28.4","0","0","11","114","1","0","0","0"
"301",13,"Jason Myers",SEA,"202","0","0","0","0","0","0","0","0"
"302",13,"Will Shipley",PHI,"17.5","0","0","9","56","0","14","49","0"
"303",13,"Cade Klubnik",NYJ,"0","0","0","0","0","0","0","0","0"
"304",13,"Ka'imi Fairbairn",HOU,"194","0","0","0","0","0","0","0","0"
"305",13,"Isaiah Bond",CLE,"54.7","0","0","18","338","0","5","29","0"
"306",13,"Cole Kmet",CHI,"78.7","0","0","30","347","2","0","0","0"
"307",13,"Kansas City Chiefs",KC,"92","0","0","0","0","0","0","0","0"
"308",13,"Will Howard",PIT,"0","0","0","0","0","0","0","0","0"
"309",13,"Baltimore Ravens",BAL,"97","0","0","0","0","0","0","0","0"
"310",13,"Chase McLaughlin",TB,"156","0","0","0","0","0","0","0","0"
"311",13,"Chris Boswell",PIT,"151","0","0","0","0","0","0","0","0"
"312",13,"Evan McPherson",CIN,"136","0","0","0","0","0","0","0","0"
"313",13,"LeQuint Allen Jr.",JAC,"24.8","0","0","10","54","0","23","94","0"
"314",13,"Harrison Butker",KC,"149","0","0","0","0","0","0","0","0"
"315",13,"Trevor Etienne",CAR,"11.7","0","0","3","13","0","20","94","0"
"316",13,"Isaac Guerendo",SF,"0","0","0","0","0","0","0","0","0"
"317",13,"Wil Lutz",DEN,"134","0","0","0","0","0","0","0","0"
"318",13,"Garrett Nussmeier",KC,"0","0","0","0","0","0","0","0","0"
"319",13,"Green Bay Packers",GB,"79","0","0","0","0","0","0","0","0"
"320",13,"Jake Moody",WAS,"81","0","0","0","0","0","0","0","0"
"321",13,"Marcus Mariota",WAS,"132.5","1695","10","0","0","0","50","297","1"
"322",13,"Darius Slayton",NYG,"98.8","0","0","37","538","1","0","0","0"
"323",13,"Tanner Koziol",JAC,"0","0","0","0","0","0","0","0","0"
"324",13,"Caleb Douglas",MIA,"0","0","0","0","0","0","0","0","0"
"325",13,"Jerome Ford",WAS,"43.6","0","0","26","103","0","24","73","0"
"326",13,"Cole Payton",PHI,"0","0","0","0","0","0","0","0","0"
"327",13,"Tahj Brooks",CIN,"6.4","0","0","1","9","0","16","45","0"
"328",13,"Chris Brooks",GB,"32.7","0","0","13","91","0","27","106","0"
"329",13,"Joshua Karty",FA,"58","0","0","0","0","0","0","0","0"
"330",13,"Jacksonville Jaguars",JAC,"144","0","0","0","0","0","0","0","0"
"331",13,"Jake Bates",DET,"152","0","0","0","0","0","0","0","0"
"332",13,"Dont'e Thornton Jr.",LV,"23.5","0","0","10","135","0","0","0","0"
"333",13,"Tyler Loop",BAL,"144","0","0","0","0","0","0","0","0"
"334",13,"Quinn Ewers",MIA,"36.2","622","3","0","0","0","8","19","0"
"335",13,"Jack Endries",CIN,"0","0","0","0","0","0","0","0","0"
"336",13,"Deion Burks",IND,"0","0","0","0","0","0","0","0","0"
"337",13,"Jameis Winston",NYG,"45.3","567","2","0","0","0","7","23","1"
"338",13,"Andrei Iosivas",CIN,"89.9","0","0","33","435","2","3","14","0"
"339",13,"Tyquan Thornton",KC,"80.8","0","0","19","438","3","0","0","0"
"340",13,"Tyson Bagent",CHI,"2.6","47","0","0","0","0","2","7","0"
"341",13,"Buffalo Bills",BUF,"110","0","0","0","0","0","0","0","0"
"342",13,"Devin Singletary",NYG,"108.8","0","0","18","151","0","119","437","5"
"343",13,"Luke McCaffrey",WAS,"51.3","0","0","11","203","3","0","0","0"
"344",13,"Marlin Klein",HOU,"0","0","0","0","0","0","0","0","0"
"345",13,"New England Patriots",NE,"127","0","0","0","0","0","0","0","0"
"346",13,"Justice Hill",BAL,"65.2","0","0","21","169","1","18","93","2"
"347",13,"Michael Trigg",DAL,"0","0","0","0","0","0","0","0","0"
"348",13,"Tanner McKee",PHI,"14.8","274","1","0","0","0","8","8","0"
"349",13,"Joshua Palmer",BUF,"52.3","0","0","22","303","0","0","0","0"
"350",13,"Jalen Tolbert",MIA,"46.3","0","0","18","203","1","0","0","0"
"351",13,"Roman Hemby",LV,"0","0","0","0","0","0","0","0","0"
"352",14,"Cleveland Browns",CLE,"133","0","0","0","0","0","0","0","0"
"353",14,"Joe Mixon",FA,"0","0","0","0","0","0","0","0","0"
"354",14,"Savion Williams",GB,"25.5","0","0","10","78","1","11","37","0"
"355",14,"Los Angeles Chargers",LAC,"111","0","0","0","0","0","0","0","0"
"356",14,"Spencer Rattler",NO,"104.1","1586","8","0","0","0","31","167","0"
"357",14,"CJ Daniels",LAR,"0","0","0","0","0","0","0","0","0"
"358",14,"Chicago Bears",CHI,"115","0","0","0","0","0","0","0","0"
"359",14,"Jake Elliott",PHI,"116","0","0","0","0","0","0","0","0"
"360",14,"Jam Miller",NE,"0","0","0","0","0","0","0","0","0"
"361",14,"Riley Leonard",IND,"32","415","2","0","0","0","6","27","2"
"362",14,"John Metchie III",CAR,"71.9","0","0","33","274","2","3","-5","0"
"363",14,"Joe Milton III",DAL,"12.3","183","1","0","0","0","5","50","0"
"364",14,"San Francisco 49ers",SF,"78","0","0","0","0","0","0","0","0"
"365",14,"Jaylin Lane",WAS,"49.2","0","0","16","225","0","1","7","0"
"366",14,"Cyrus Allen",KC,"0","0","0","0","0","0","0","0","0"
"367",14,"Blake Grupe",IND,"129","0","0","0","0","0","0","0","0"
"368",14,"Daniel Carlson",LV,"103","0","0","0","0","0","0","0","0"
"369",14,"Davis Mills",HOU,"69.6","915","5","0","0","0","13","60","1"
"370",14,"New Orleans Saints",NO,"118","0","0","0","0","0","0","0","0"
"371",14,"Jordan Whittington",LAR,"36.3","0","0","18","171","0","3","12","0"
"372",14,"Dawson Knox",BUF,"103.7","0","0","36","417","4","0","0","0"
"373",14,"Raheim Sanders",CLE,"20.3","0","0","3","21","0","27","92","1"
"374",14,"Dallas Cowboys",DAL,"59","0","0","0","0","0","0","0","0"
"375",14,"Washington Commanders",WAS,"76","0","0","0","0","0","0","0","0"
"376",14,"Calvin Austin III",NYG,"86.2","0","0","31","372","3","0","0","0"
"377",14,"Zavion Thomas",CHI,"0","0","0","0","0","0","0","0","0"
"378",14,"Andy Borregales",NE,"149","0","0","0","0","0","0","0","0"
"379",14,"Kareem Hunt",FA,"145.4","0","0","18","143","1","163","611","8"
"380",14,"Tyler Higbee",LAR,"71.1","0","0","25","281","3","0","0","0"
"381",14,"Matt Hibner",BAL,"0","0","0","0","0","0","0","0","0"
"382",14,"Noah Fant",NO,"74.8","0","0","34","288","3","0","0","0"
"383",14,"Tyler Bass",BUF,"0","0","0","0","0","0","0","0","0"
"384",14,"Joe Flacco",CIN,"156.7","2479","15","0","0","0","21","35","1"
"385",14,"Robert Henry Jr.",WAS,"0","0","0","0","0","0","0","0","0"
"386",14,"Jahan Dotson",ATL,"50.2","0","0","18","262","1","0","0","0"
"387",14,"KeAndre Lambert-Smith",LAC,"16.1","0","0","5","51","1","0","0","0"
"388",14,"Dillon Gabriel",CLE,"72.1","937","7","0","0","0","14","86","0"
"389",14,"George Holani",SEA,"20.8","0","0","2","15","0","22","73","1"
"390",14,"Jason Sanders",NYJ,"0","0","0","0","0","0","0","0","0"
"391",14,"Konata Mumpfield",LAR,"25.2","0","0","10","92","1","0","0","0"
"392",14,"Eric McAlister",FA,"0","0","0","0","0","0","0","0","0"
"393",14,"Zach Ertz",FA,"126.4","0","0","50","504","4","0","0","0"
"394",14,"Audric Estime",NO,"48.1","0","0","12","103","0","46","198","1"
"395",14,"Brandon McManus",FA,"113","0","0","0","0","0","0","0","0"
"396",14,"Tutu Atwell",MIA,"31.2","0","0","6","192","1","0","0","0"
"397",14,"Malik Davis",DAL,"40.6","0","0","2","16","0","52","250","2"
"398",14,"Luke Musgrave",GB,"49.2","0","0","24","252","0","0","0","0"
"399",14,"Joe Royer",CLE,"0","0","0","0","0","0","0","0","0"
"400",14,"New York Giants",NYG,"77","0","0","0","0","0","0","0","0"
"401",14,"Carson Wentz",MIN,"75.3","1216","6","0","0","0","11","57","0"
"402",14,"Jonnu Smith",FA,"85.2","0","0","38","222","2","9","70","1"
"403",14,"Trey Lance",LAC,"14.5","226","0","0","0","0","17","85","0"
"404",14,"Josh Cameron",JAC,"0","0","0","0","0","0","0","0","0"
"405",14,"Jeff Caldwell",KC,"0","0","0","0","0","0","0","0","0"
"406",14,"Tyler Huntley",BAL,"40.1","426","2","0","0","0","24","151","0"
"407",14,"Kendrick Bourne",ARI,"92.1","0","0","37","551","0","0","0","0"
"408",14,"Arizona Cardinals",ARI,"77","0","0","0","0","0","0","0","0"
"409",14,"Jaleel McLaughlin",DEN,"31.4","0","0","4","27","0","37","187","1"
"410",14,"Erick All Jr.",CIN,"0","0","0","0","0","0","0","0","0"
"411",14,"Will Levis",TEN,"0","0","0","0","0","0","0","0","0"
"412",14,"Terion Stewart",KC,"0","0","0","0","0","0","0","0","0"
"413",14,"Nate Boerkircher",JAC,"0","0","0","0","0","0","0","0","0"
"414",14,"Gardner Minshew II",ARI,"0.7","37","0","0","0","0","6","2","0"
"415",14,"Treylon Burks",WAS,"29","0","0","10","130","1","0","0","0"
"416",14,"Malik Benson",LV,"0","0","0","0","0","0","0","0","0"
"417",14,"Ja'Lynn Polk",NO,"0","0","0","0","0","0","0","0","0"
"418",14,"Nick Chubb",FA,"88.3","0","0","13","67","0","122","506","3"
"419",14,"Noah Gray",KC,"38.8","0","0","21","178","0","0","0","0"
"420",14,"Roschon Johnson",CHI,"1.7","0","0","0","0","0","2","17","0"
"421",14,"Samaje Perine",CIN,"77.9","0","0","17","87","0","84","382","3"
"422",15,"Barion Brown",NO,"0","0","0","0","0","0","0","0","0"
"423",15,"Mitchell Trubisky",TEN,"31.1","313","4","0","0","0","9","6","0"
"424",15,"Eric Rivers Jr.",TB,"0","0","0","0","0","0","0","0","0"
"425",15,"Will Kacmarek",MIA,"0","0","0","0","0","0","0","0","0"
"426",15,"Ty Johnson",BUF,"100.3","0","0","24","263","2","50","200","3"
"427",15,"Jaydn Ott",KC,"0","0","0","0","0","0","0","0","0"
"428",15,"Tai Felton",MIN,"5.5","0","0","3","25","0","0","0","0"
"429",15,"Mitchell Evans",CAR,"48.2","0","0","19","171","2","1","1","0"
"430",15,"Charlie Kolar",LAC,"36.2","0","0","10","142","2","0","0","0"
"431",15,"Mack Hollins",NE,"113.4","0","0","46","550","2","1","4","0"
"432",15,"DeAndre Hopkins",BAL,"67","0","0","22","330","2","0","0","0"
"433",15,"Luke Schoonmaker",DAL,"27.2","0","0","14","132","0","0","0","0"
"434",15,"Mason Rudolph",PIT,"17","310","2","0","0","0","7","6","0"
"435",15,"Bam Knight",ARI,"92.9","0","0","22","160","1","82","269","4"
"436",15,"Elijah Moore",PHI,"28.6","0","0","9","112","0","6","24","1"
"437",15,"Tyren Montgomery",TEN,"0","0","0","0","0","0","0","0","0"
"438",15,"Reggie Virgil",ARI,"0","0","0","0","0","0","0","0","0"
"439",15,"Dyami Brown",WAS,"49.7","0","0","20","227","1","6","30","0"
"440",15,"Jarrett Stidham",DEN,"-0.1","0","0","0","0","0","1","-1","0"
"441",15,"Harrison Mevis",LAR,"82","0","0","0","0","0","0","0","0"
"442",15,"Darren Waller",FA,"88.7","0","0","24","283","6","1","4","0"
"443",15,"Elijah Higgins",ARI,"58.1","0","0","30","301","0","0","0","0"
"444",15,"Dameon Pierce",PHI,"3.6","0","0","0","0","0","14","36","0"
"445",15,"Jawhar Jordan",HOU,"29.7","0","0","7","34","0","43","193","0"
"446",15,"Emari Demercado",KC,"58.3","0","0","13","101","1","44","312","0"
"447",15,"Dae'Quan Wright",PHI,"0","0","0","0","0","0","0","0","0"
"448",15,"Devontez Walker",BAL,"37.6","0","0","6","136","3","0","0","0"
"449",15,"Josh Cuevas",BAL,"0","0","0","0","0","0","0","0","0"
"450",15,"Eddy Pineiro",SF,"140","0","0","0","0","0","0","0","0"
"451",15,"Jake Browning",TB,"56.7","771","6","0","0","0","9","39","1"
"452",15,"Efton Chism III",NE,"16.5","0","0","3","75","1","0","0","0"
"453",15,"Dallen Bentley",DEN,"0","0","0","0","0","0","0","0","0"
"454",15,"Haynes King",CAR,"0","0","0","0","0","0","0","0","0"
"455",15,"Cairo Santos",CHI,"132","0","0","0","0","0","0","0","0"
"456",15,"Jeremy McNichols",WAS,"72.7","0","0","25","196","0","44","221","1"
"457",15,"Cade Stover",HOU,"19.9","0","0","12","76","0","4","3","0"
"458",15,"Aaron Anderson",CLE,"0","0","0","0","0","0","0","0","0"
"459",15,"Michael Carter",TEN,"99","0","0","33","267","0","92","333","1"
"460",15,"John Michael Gyllenborg",KC,"0","0","0","0","0","0","0","0","0"
"461",15,"Phil Mafah",DAL,"10.9","0","0","2","11","0","5","18","1"
"462",15,"Russell Wilson",FA,"52.8","831","3","0","0","0","18","106","0"
"463",15,"Jimmy Garoppolo",LAR,"-1","0","0","0","0","0","9","-10","0"
"464",15,"Davis Allen",LAR,"62.8","0","0","24","208","3","0","0","0"
"465",15,"Xavier Hutchinson",HOU,"98","0","0","35","428","3","3","22","0"
"466",15,"Desmond Reid",BUF,"0","0","0","0","0","0","0","0","0"
"467",15,"Olamide Zaccheaus",ATL,"84.8","0","0","39","313","2","4","25","0"
"468",15,"Spencer Shrader",IND,"57","0","0","0","0","0","0","0","0"
"469",15,"Nick Westbrook-Ikhine",IND,"19.9","0","0","11","89","0","0","0","0"
"470",15,"RJ Maryland",GB,"0","0","0","0","0","0","0","0","0"
"471",15,"Jaren Kanak",TEN,"0","0","0","0","0","0","0","0","0"
"472",15,"Zach Wilson",NO,"1.4","32","0","0","0","0","3","1","0"
"473",15,"Jalin Hyatt",NYG,"8.5","0","0","5","35","0","0","0","0"
"474",15,"Aidan O'Connell",LV,"4.8","102","0","0","0","0","1","7","0"
"475",15,"Chase Roberts",LV,"0","0","0","0","0","0","0","0","0"
"476",15,"Kenny Pickett",CAR,"9.7","188","1","0","0","0","5","22","0"
"477",15,"Jahdae Walker",CHI,"26.7","0","0","6","87","2","0","0","0"
"478",15,"Dean Connors",LAR,"0","0","0","0","0","0","0","0","0"
"479",15,"Austin Hooper",ATL,"59.3","0","0","21","263","2","0","0","0"
"480",15,"Xavier Restrepo",TEN,"7.1","0","0","3","41","0","0","0","0"
"481",15,"Brock Wright",DET,"36.8","0","0","14","108","2","0","0","0"
"482",15,"Tyrod Taylor",GB,"64.5","779","5","0","0","0","27","143","1"
"483",15,"Riley Nowakowski",PIT,"0","0","0","0","0","0","0","0","0"
"484",15,"Damien Martinez",GB,"0","0","0","0","0","0","0","0","0"
"485",15,"Daniel Bellinger",TEN,"59.6","0","0","19","286","2","0","0","0"
"486",15,"Tyler Lockett",LV,"73.1","0","0","32","291","1","0","0","0"
"487",15,"Rasheen Ali",BAL,"24.2","0","0","9","68","1","7","24","0"
"488",15,"Kendrick Law",DET,"0","0","0","0","0","0","0","0","0"
"489",15,"Kaden Wetjen",PIT,"0","0","0","0","0","0","0","0","0"
"490",15,"Dane Key",DEN,"0","0","0","0","0","0","0","0","0"
"491",15,"Andy Dalton",PHI,"10.5","293","1","0","0","0","5","-2","0"
"492",16,"Miles Sanders",FA,"26.7","0","0","8","30","0","20","117","1"
"493",16,"Seydou Traore",MIA,"0","0","0","0","0","0","0","0","0"
"494",16,"Josh Oliver",MIN,"55","0","0","15","160","4","0","0","0"
"495",16,"Harrison Wallace III",ARI,"0","0","0","0","0","0","0","0","0"
"496",16,"Romello Brinson",DAL,"0","0","0","0","0","0","0","0","0"
"497",16,"Demarcus Robinson",SF,"58.2","0","0","22","276","1","1","6","0"
"498",16,"Grant Calcaterra",PHI,"22.6","0","0","9","76","1","0","0","0"
"499",16,"Jeremy Ruckert",NYJ,"46.9","0","0","23","179","1","0","0","0"
"500",16,"Jared Wiley",KC,"1.4","0","0","1","4","0","0","0","0"
"501",16,"Jordan Watkins",SF,"4.6","0","0","2","26","0","0","0","0"
"502",16,"Tommy Tremble",CAR,"63.9","0","0","27","249","2","0","0","0"
"503",16,"Raheem Mostert",LV,"29.4","0","0","12","70","0","22","104","0"
"504",16,"Greg Dortch",DET,"75.1","0","0","29","206","3","7","15","1"
"505",16,"Colbie Young",CIN,"0","0","0","0","0","0","0","0","0"
"506",16,"Ashton Dulin",IND,"20","0","0","5","106","0","3","44","0"
"507",16,"Gabe Davis",FA,"30.9","0","0","12","129","1","0","0","0"
"508",16,"Bo Melton",GB,"24.2","0","0","4","107","1","5","35","0"
"509",16,"Jimmy Horn Jr.",CAR,"28.7","0","0","11","108","0","8","69","0"
"510",16,"Carsen Ryan",CLE,"0","0","0","0","0","0","0","0","0"
"511",16,"Roman Wilson",PIT,"0","0","0","12","166","2","0","0","0"
"512",16,"Austin Ekeler",FA,"13.1","0","0","5","38","0","14","43","0"
"513",16,"Hunter Long",JAC,"32.5","0","0","12","85","2","0","0","0"
"514",16,"Julian Hill",NE,"31","0","0","15","140","0","0","0","0"
"515",16,"Adam Trautman",DEN,"45.5","0","0","20","195","1","0","0","0"
"516",16,"KaVontae Turpin",DAL,"84.5","0","0","26","396","2","17","89","0"
"517",16,"Thomas Fidone II",NYG,"0","0","0","0","0","0","0","0","0"
"518",16,"Malachi Corley",CLE,"31.6","0","0","11","79","0","13","127","0"
"519",16,"Jackson Hawes",BUF,"52.7","0","0","16","187","3","0","0","0"