"Rank","Player","Team","Bye","POS","AVG","Real-Time (?)"
"1","Ja'Marr Chase","CIN","10","WR1","1.0","1"
"2","Justin Jefferson","MIN","6","WR2","2.0","6  -4"
"3","Bijan Robinson","ATL","5","RB1","4.0","2  +1"
"4","CeeDee Lamb","DAL","10","WR3","4.5","5  -1"
"5","Malik Nabers","NYG","14 ","WR4","4.5","12  -7"
"6","Jahmyr Gibbs","DET","8","RB2","5.5","4  +2"
"7","Ashton Jeanty","LV","8","RB3","7.0","9  -2"
"8","Puka Nacua","LAR","8","WR5","9.5","16  -8"
"9","Amon-Ra St. Brown","DET","8","WR6","9.5","10  -1"
"10","Saquon Barkley","PHI","9","RB4","10.5","3  +7"
"11","Brian Thomas Jr.","JAC","8","WR7","10.5","19  -8"
"12","Brock Bowers","LV","8 ","TE1","10.5","24  -12"
"13","Nico Collins","HOU","6","WR8","13.0","13"
"14","Drake London","ATL","5","WR9","15.5","15  -1"
"15","Ladd McConkey","LAC","12","WR10","17.0","26  -11"
"16","De'Von Achane","MIA","12","RB5","17.0","17  -1"
"17","Jaxon Smith-Njigba","SEA","8","WR11","20.5","37  -20"
"18","Marvin Harrison Jr.","ARI","8","WR12","20.5","39  -21"
"19","Trey McBride","ARI","8","TE2","21.0","30  -11"
"20","A.J. Brown","NE","14","WR13","21.0","18  +2"
"21","Josh Allen","BUF","7","QB1","22.0","20  +1"
"22","Bucky Irving","TB","9","RB6","22.5","21  +1"
"23","Omarion Hampton","LAC","12","RB7","22.5","29  -6"
"24","Jayden Daniels","WAS","12 ","QB2","24.0","31  -7"
"25","Lamar Jackson","BAL","7","QB3","24.0","22  +3"
"26","Garrett Wilson","NYJ","9 ","WR14","25.5","47  -21"
"27","Jonathan Taylor","IND","11","RB8","28.0","14  +13"
"28","Tee Higgins","CIN","10","WR15","30.0","28"
"29","Breece Hall","NYJ","9","RB9","30.0","45  -16"
"30","Rashee Rice","KC","10 ","WR16","32.0","81  -51"
"31","Tetairoa McMillan","CAR","14","WR17","32.0","61  -30"
"32","Travis Hunter","JAC","8 ","WR18","33.0","71  -39"
"33","Kyren Williams","LAR","8","RB10","33.0","27  +6"
"34","Derrick Henry","BAL","7","RB11","34.0","7  +27"
"35","Christian McCaffrey","SF","14","RB12","35.0","8  +27"
"36","TreVeyon Henderson","NE","14","RB13","36.0","43  -7"
"37","DeVonta Smith","PHI","9","WR19","37.5","53  -16"
"38","Joe Burrow","CIN","10","QB4","38.5","40  -2"
"39","Jalen Hurts","PHI","9","QB5","40.5","32  +7"
"40","Josh Jacobs","GB","5","RB14","40.5","11  +29"
"41","Terry McLaurin","WAS","12","WR20","40.5","35  +6"
"42","Xavier Worthy","KC","10","WR21","42.0","56  -14"
"43","Kenneth Walker III","KC","10","RB15","42.0","36  +7"
"44","Sam LaPorta","DET","8","TE3","42.5","51  -7"
"45","Chase Brown","CIN","10","RB16","43.5","23  +22"
"46","Quinshon Judkins","CLE","9 ","RB17","44.5","117  -71"
"47","Rome Odunze","CHI","5","WR22","45.0","78  -31"
"48","Zay Flowers","BAL","7","WR23","46.0","63  -15"
"49","James Cook III","BUF","7","RB18","47.5","25  +24"
"50","RJ Harvey","DEN","12","RB19","51.0","52  -2"
"51","Emeka Egbuka","TB","9","WR24","51.5","75  -24"
"52","DJ Moore","BUF","7","WR25","53.0","62  -10"
"53","George Kittle","SF","14","TE4","54.0","33  +20"
"54","Kaleb Johnson","PIT","5","RB20","55.5","74  -20"
"55","DK Metcalf","PIT","5","WR26","55.5","48  +7"
"56","Tyreek Hill ","","","WR27","57.0","38  +18"
"57","Tyler Warren","IND","11","TE5","58.0","89  -32"
"58","Chuba Hubbard","CAR","14","RB21","60.0","44  +14"
"59","Jameson Williams","DET","8","WR28","60.0","58  +1"
"60","George Pickens","DAL","10","WR29","60.5","57  +3"
"61","Patrick Mahomes II","KC","10 ","QB6","61.0","49  +12"
"62","Jaylen Waddle","DEN","12","WR30","61.0","68  -6"
"63","Chris Olave","NO","11","WR31","62.5","80  -17"
"64","Jordan Addison","MIN","6","WR32","63.5","98  -34"
"65","Mike Evans","SF","14","WR33","63.5","34  +31"
"66","Colston Loveland","CHI","5","TE6","65.0","121  -55"
"67","Alvin Kamara","NO","11","RB22","67.0","41  +26"
"68","Davante Adams","LAR","8","WR34","68.0","46  +22"
"69","Matthew Golden","GB","5","WR35","68.0","87  -18"
"70","T.J. Hockenson","MIN","6","TE7","69.0","64  +6"
"71","Courtland Sutton","DEN","12","WR36","73.0","59  +12"
"72","Bo Nix","DEN","12","QB7","73.5","72"
"73","Joe Mixon","","","RB23","75.5","123  -50"
"74","Jerry Jeudy","CLE","9","WR37","75.5","83  -9"
"75","Luther Burden III","CHI","5","WR38","79.5","175  -100"
"76","David Montgomery","HOU","6","RB24","81.0","60  +16"
"77","Isiah Pacheco","DET","8","RB25","81.0","54  +23"
"78","James Conner","ARI","8 ","RB26","82.5","42  +36"
"79","Cam Skattebo","NYG","14 ","RB27","82.5","105  -26"
"80","Ricky Pearsall","SF","14","WR39","83.0","76  +4"
"81","Jayden Higgins","HOU","6","WR40","85.5","159  -78"
"82","Drake Maye","NE","14","QB8","85.5","113  -31"
"83","Brandon Aiyuk","SF","14","WR41","86.5","146  -63"
"84","Caleb Williams","CHI","5","QB9","86.5","120  -36"
"85","Travis Etienne Jr.","NO","11","RB28","86.5","90  -5"
"86","Khalil Shakir","BUF","7","WR42","89.5","108  -22"
"87","Jayden Reed","GB","5","WR43","89.5","122  -35"
"88","Mark Andrews","BAL","7","TE8","89.5","67  +21"
"89","D'Andre Swift","CHI","5","RB29","90.0","55  +34"
"90","Tyrone Tracy Jr.","NYG","14","RB30","90.5","70  +20"
"91","Justin Herbert","LAC","12","QB10","92.5","116  -25"
"92","Chris Godwin Jr.","TB","9","WR44","93.0","118  -26"
"93","Josh Downs","IND","11","WR45","93.0","130  -37"
"94","Dalton Kincaid","BUF","7","TE9","95.0","132  -38"
"95","Tucker Kraft","GB","5 ","TE10","95.0","96  -1"
"96","Calvin Ridley","TEN","10 ","WR46","96.0","65  +31"
"97","Kyler Murray","MIN","6 ","QB11","97.0","85  +12"
"98","Brian Robinson Jr.","ATL","5","RB31","97.0","124  -26"
"99","Aaron Jones Sr.","MIN","6","RB32","97.0","66  +33"
"100","Tony Pollard","TEN","10","RB33","97.5","50  +50"
"101","C.J. Stroud","HOU","6","QB12","101.0","152  -51"
"102","Jauan Jennings","MIN","6","WR47","101.5","103  -1"
"103","Tre' Harris","LAC","12","WR48","101.5","189  -86"
"104","Jakobi Meyers","JAC","8","WR49","102.0","97  +7"
"105","Michael Pittman Jr.","PIT","5","WR50","102.5","119  -14"
"106","Zach Charbonnet","SEA","8","RB34","105.0","88  +18"
"107","David Njoku","LAC","12","TE11","105.5","95  +12"
"108","Kyle Pitts Sr.","ATL","5","TE12","106.0","139  -31"
"109","Deebo Samuel Sr.","","","WR51","107.0","82  +27"
"110","Bhayshul Tuten","JAC","8","RB35","108.0","131  -21"
"111","Keon Coleman","BUF","7","WR52","108.5","114  -3"
"112","Travis Kelce","KC","10","TE13","110.0","69  +43"
"113","Trey Benson","ARI","8","RB36","111.0","137  -24"
"114","Baker Mayfield","TB","9","QB13","111.5","73  +41"
"115","Stefon Diggs","","","WR53","113.0","91  +24"
"116","Jaydon Blue","DAL","10","RB37","113.0","134  -18"
"117","Cooper Kupp","SEA","8","WR54","113.5","104  +13"
"118","Jaylen Warren","PIT","5","RB38","115.0","79  +39"
"119","Kyle Williams","NE","14","WR55","117.0","232  -113"
"120","Isaiah Likely","NYG","14","TE14","120.0","182  -62"
"121","Evan Engram","DEN","12","TE15","120.5","93  +28"
"122","Jordan Love","GB","5","QB14","121.5","133  -11"
"123","Najee Harris","LAC","12 ","RB39","121.5","128  -5"
"124","Tyjae Spears","TEN","10","RB40","124.5","174  -50"
"125","Jordan Mason","MIN","6","RB41","124.5","77  +48"
"126","Brock Purdy","SF","14","QB15","124.5","84  +42"
"127","Jack Bech","LV","8","WR56","125.5","205  -78"
"128","Javonte Williams","DAL","10","RB42","130.0","102  +26"
"129","J.J. McCarthy","MIN","6","QB16","132.0","147  -18"
"130","Rhamondre Stevenson","NE","14","RB43","132.0","112  +18"
"131","Rashid Shaheed","SEA","8","WR57","132.5","127  +4"
"132","Cam Ward","TEN","10","QB17","133.0","192  -60"
"133","Darnell Mooney","NYG","14","WR58","133.5","141  -8"
"134","Tank Bigsby","PHI","9","RB44","134.0","106  +28"
"135","Jake Ferguson","DAL","10","TE16","134.5","135"
"136","Mason Taylor","NYJ","9","TE17","134.5","273  -137"
"137","J.K. Dobbins","DEN","12","RB45","135.5","86  +51"
"138","Rashod Bateman","BAL","7","WR59","136.0","157  -19"
"139","Rachaad White","WAS","12","RB46","139.0","143  -4"
"140","Jared Goff","DET","8","QB18","139.5","115  +25"
"141","Dak Prescott","DAL","10","QB19","142.0","94  +47"
"142","Jaylin Noel","HOU","6","WR60","143.5","235  -93"
"143","Dylan Sampson","CLE","9","RB47","144.0","145  -2"
"144","Ray Davis","BUF","7","RB48","144.5","155  -11"
"145","Isaac Guerendo","SF","14","RB49","145.5","187  -42"
"146","Xavier Legette","CAR","14","WR61","146.0","179  -33"
"147","Marvin Mims Jr.","DEN","12","WR62","146.5","160  -13"
"148","Braelon Allen","NYJ","9","RB50","146.5","107  +41"
"149","Michael Penix Jr.","ATL","5 ","QB20","148.5","183  -34"
"150","Trevor Lawrence","JAC","8","QB21","149.5","169  -19"
"151","Jalen McMillan","TB","9","WR63","151.5","247  -96"
"152","Jonnu Smith","","","TE18","152.0","170  -18"
"153","Dallas Goedert","PHI","9","TE19","158.0","138  +15"
"154","Cedric Tillman","CLE","9","WR64","158.5","171  -17"
"155","Tyler Allgeier","ARI","8","RB51","158.5","148  +7"
"156","Jaylen Wright","MIA","12","RB52","159.0","220  -64"
"157","Justin Fields","KC","10 ","QB22","159.5","110  +47"
"158","Wan'Dale Robinson","TEN","10","WR65","160.0","197  -39"
"159","Devin Neal","N","11 O","RB53","162.5",""
"160","Terrance Ferguson","LAR","8","TE20","162.5",""
"161","Pat Bryant","DEN","12","WR66","163.0","263  -102"
"162","Quentin Johnston","LAC","12","WR67","164.0","239  -77"
"163","Jalen Royals","KC","10","WR68","165.0","271  -108"
"164","Elijah Arroyo","SEA","8 ","TE21","166.5","226  -62"
"165","Bryce Young","CAR","14","QB23","168.0","204  -39"
"166","Christian Kirk","SF","14","WR69","169.5","149  +17"
"167","Blake Corum","LAR","8","RB54","170.5","221  -54"
"168","Jaxson Dart","NYG","14","QB24","173.0","231  -63"
"169","Hollywood Brown","PHI","9","WR70","174.5","178  -9"
"170","Romeo Doubs","NE","14","WR71","175.0","193  -23"
"171","Rico Dowdle","PIT","5","RB55","175.0","172  -1"
"172","Cade Otton","TB","9","TE22","177.0","218  -46"
"173","DeMario Douglas","NE","14","WR72","178.0","213  -40"
"174","Harold Fannin Jr.","CLE","9","TE23","178.5",""
"175","Elic Ayomanor","TEN","10","WR73","180.0","222  -47"
"176","Brenton Strange","JAC","8","TE24","180.0","203  -27"
"177","DJ Giddens","IND","11","RB56","180.5","250  -73"
"178","Pat Freiermuth","PIT","5","TE25","182.0","216  -38"
"179","Jarquez Hunter","LAR","8","RB57","183.5","269  -90"
"180","Trevor Etienne","CAR","14","RB58","187.0",""
"181","Nick Chubb","","","RB59","188.0","111  +70"
"182","Tank Dell","HOU","6","WR74","189.0",""
"183","Jerome Ford","WAS","12 ","RB60","190.5","144  +39"
"184","Alec Pierce","IND","11","WR75","191.0","246  -62"
"185","Ollie Gordon II","MIA","12","RB61","191.5","153  +32"
"186","Roschon Johnson","CHI","5","RB62","193.0","217  -31"
"187","Isaac TeSlaa","DET","8","WR76","196.0","229  -42"
"188","Jalen Coker","CAR","14","WR77","196.5","223  -35"
"189","Dont'e Thornton Jr.","LV","8","WR78","197.0","199  -10"
"190","Jordan James","SF","14","RB63","198.5",""
"191","Woody Marks","HOU","6","RB64","198.5","206  -15"
"192","Joshua Palmer","BUF","7","WR79","198.5","180  +12"
"193","Adonai Mitchell","NYJ","9","WR80","200.0","261  -68"
"194","Brashard Smith","KC","10","RB65","203.0","274  -80"
"195","Hunter Henry","NE","14","TE26","203.5","158  +37"
"196","MarShawn Lloyd","GB","5 ","RB66","206.0","248  -52"
"197","Tua Tagovailoa","ATL","5","QB25","206.0","207  -10"
"198","Chig Okonkwo","WAS","12","TE27","209.5","184  +14"
"199","Will Shipley","PHI","9","RB67","210.0","191  +8"
"200","Jalen Milroe","SEA","8","QB26","210.5",""
"201","Zach Ertz ","","","TE28","210.5","166  +35"
"202","Jacory Croskey-Merritt","WAS","12","RB68","212.0","92  +110"
"203","Kyle Monangai","CHI","5","RB69","214.0","251  -48"
"204","Tahj Brooks","CIN","10","RB70","214.5","224  -20"
"205","Anthony Richardson Sr.","IND","11","QB27","218.0","257  -52"
"206","Adam Thielen","","","WR81","219.5","186  +20"
"207","Michael Wilson","ARI","8","WR82","222.0","265  -58"
"208","Tory Horton","SEA","8","WR83","222.0","245  -37"
"209","Oronde Gadsden II","LAC","12","TE29","223.5",""
"210","Mike Gesicki","CIN","10","TE30","225.0","253  -43"
"211","Kendre Miller","N","11 O","RB71","225.5","242  -31"
"212","Justice Hill","BAL","7","RB72","226.5","258  -46"
"213","Roman Wilson","","","WR84","226.5","244  -31"
"214","Christian Watson","GB","5","WR85","231.5",""
"215","Ja'Tavion Sanders","CAR","14","TE31","230.5","259  -44"
"216","Matthew Stafford","LAR","8","QB28","232.0","177  +39"
"217","Troy Franklin","DEN","12","WR86","232.5","249  -32"
"218","Philadelphia Eagles","DST","9","DST1","186.0","100  +118"
"219","Brandon Aubrey","DAL","10","K1","187.0","109  +110"
"220","Shedeur Sanders","CLE","9","QB29","233.5","279  -59"
"221","Denver Broncos","DST","12","DST2","188.0","101  +120"
"222","Baltimore Ravens","DST","7","DST3","189.0","129  +93"
"223","DeAndre Hopkins","BAL","7","WR87","234.5","275  -52"
"224","Jake Bates","DET","8","K2","190.0","136  +88"
"225","Cameron Dicker","LAC","12","K3","191.0","125  +100"
"226","Pittsburgh Steelers","DST","5","DST4","192.0","126  +100"
"227","Buffalo Bills","DST","7","DST5","193.0","142  +85"
"228","Andrei Iosivas","CIN","10","WR88","237.0","276  -48"
"229","Keaton Mitchell","LAC","12","RB73","237.0","240  -11"
"230","Minnesota Vikings","DST","6","DST6","195.0","140  +90"
"231","Ben Sinnott","WAS","12","TE32","237.5",""
"232","Tyler Loop","BAL","7","K4","196.0","198  +34"
"233","Houston Texans","DST","6","DST7","197.0","150  +83"
"234","Chris Boswell","PIT","5","K5","198.0","151  +83"
"235","Cole Kmet","CHI","5","TE33","239.0","227  +8"
"236","Dontayvion Wicks","PHI","9","WR89","243.5",""
"237","Detroit Lions","DST","8","DST8","199.0","176  +61"
"238","Harrison Butker","KC","10","K6","200.0","161  +77"
"239","Kareem Hunt","","","RB74","240.0","181  +58"
"240","Tyler Bass","BUF","7","K7","201.0","165  +75"
"241","Will Reichard","MIN","6","K8","202.0","260  -19"
"242","Keenan Allen","LAC","12","WR90","204.0","156  +86"
"243","Xavier Restrepo","TEN","10","WR91","243.5",""
"244","Sean Tucker","TB","9","RB75","244.0","278  -34"
"245","Theo Johnson","NYG","14","TE34","244.0","272  -27"
"246","Tre Tucker","LV","8","WR92","210.0",""
"247","Darren Waller","","","TE35","245.0","188  +59"
"248","Tyler Lockett","LV","8","WR93","245.5","236  +12"
"249","Jermaine Burton","","","WR94","212.0",""
"250","Devaughn Vele","N","11 O","WR95","215.0",""
"251","Elijah Moore","PHI","9","WR96","221.0",""
"252","Cam Little","JAC","8","K9","222.0","211  +41"
"253","Washington Commanders","DST","12","DST9","223.0","195  +58"
"254","Green Bay Packers","DST","5","DST10","224.0","162  +92"
"255","Kansas City Chiefs","DST","10","DST11","225.0","164  +91"
"256","Chase McLaughlin","TB","9","K10","226.0","168  +88"
"257","Geno Smith","NYJ","9","QB30","253.0","214  +43"
"258","San Francisco 49ers","DST","14","DST12","227.0","163  +95"
"259","Kayshon Boutte","NE","14","WR97","227.0",""
"260","Isaiah Bond","CLE","9","WR98","228.0",""
"261","Jake Elliott","PHI","9","K11","229.0","194  +67"
"262","Dyami Brown","WAS","12","WR99","254.5",""
"263","Evan McPherson","CIN","10","K12","230.0","200  +63"
"264","Malik Washington","MIA","12","WR100","233.0",""
"265","Calvin Austin III","NYG","14","WR101","256.5",""
"266","Miles Sanders ","","","RB76","257.5","233  +33"
"267","Sam Darnold","SEA","8","QB31","258.0","210  +57"
"268","Diontae Johnson","","","WR102","237.0",""
"269","Jimmy Horn Jr.","CAR","14","WR103","237.0",""
"270","Darius Slayton","NYG","14","WR104","258.5","268  +2"
"271","Tyler Conklin","DET","8","TE36","238.0",""
"272","Tai Felton","MIN","6","WR105","261.5",""
"273","Jaylin Lane","WAS","12 ","WR106","261.5",""
"274","Savion Williams","GB","5","WR107","268.0",""
"275","Chimere Dike","TEN","10","WR108","267.0",""
"276","Damien Martinez","GB","5","RB77","266.5",""
"277","Zamir White","LV","8","RB78","246.0",""
"278","Jordan Whittington","LAR","8","WR109","270.5",""
"279","Jaleel McLaughlin","DEN","12","RB79","249.0","208  +71"
"280","Noah Gray","KC","10","TE37","271.0",""
"281","Brandin Cooks","","","WR110","252.0",""
"282","Parker Washington","JAC","8","WR111","253.0",""
"283","Khalil Herbert","","","RB80","255.0",""
"284","Ray-Ray McCloud","III","","WR112","256.0",""
"285","Efton Chism III","NE","14","WR113","256.0",""
"286","New England Patriots","DST","14","DST13","257.0","267  +19"
"287","Luke McCaffrey","WAS","12","WR114","271.0",""
"288","Zack Moss","","","RB81","258.0",""
"289","Los Angeles Rams","DST","8","DST14","259.0","256  +33"
"290","Jordan Watkins","SF","14","WR115","259.0",""
"291","KeAndre Lambert-Smith","LAC","12","WR116","260.0",""
"292","Younghoe","Koo","","K13","261.0","212  +80"
"293","Audric Estime","NO","11","RB82","276.5",""
"294","Jake Moody","WAS","12","K14","262.0","280  +14"
"295","LeQuint Allen Jr.","JAC","8","RB83","262.0",""
"296","Ka'imi Fairbairn","HOU","6","K15","263.0","154  +142"
"297","Gunnar Helm","TEN","10","TE38","271.5",""
"298","Seattle Seahawks","DST","8","DST15","264.0","185  +113"
"299","Juwan Johnson","NO","11","TE39","264.0",""
"300","New York Giants","DST","14","DST16","265.0","254  +46"
"301","Luke Schoonmaker","DAL","10","TE40","265.0",""
"302","Jalen Tolbert","MIA","12","WR117","266.0",""
"303","Tampa Bay Buccaneers","DST","9","DST17","268.0","277  +26"
"304","Isaiah Davis","NYJ","9","RB84","268.0",""
"305","Tyler Shough","NO","11","QB32","278.0",""
"306","Tez Johnson","TB","9","WR118","270.0",""
"307","Aaron Rodgers","PIT","5","QB33","275.0","264  +43"
"308","Erick All Jr.","CIN","10","TE41","272.0",""
"309","Taysom Hill","","","TE42","275.0",""
"310","Raheem Mostert","LV","8","RB85","276.0","238  +72"
"311","Phil Mafah","DAL","10","RB86","280.0",""
"312","Tyler Higbee","LAR","8","TE43","277.0",""
"313","AJ Barner","SEA","8","TE44","279.0",""
"314","Tutu Atwell","MIA","12","WR119","281.0",""
"315","Will Howard","PIT","5","QB34","282.0",""
"316","Dalton Schultz","HOU","6","TE45","283.0","262  +54"
"317","Wil Lutz","DEN","12","K16","295.0","167  +150"
"318","Arizona Cardinals","DST","8","DST18","296.0","201  +117"
"319","Tom Brady","","","QB35","297.0",""
"320","Daniel Carlson","LV","8","K17","298.0","225  +95"
"321","Matt Gay","LV","8","K18","299.0","215  +106"
"322","Los Angeles Chargers","DST","12","DST19","300.0","190  +132"
""
""