,PASSING,,,,,Rushing,,,MISC,
Player,ATT,CMP,YDS,TDS,INTS,ATT,YDS,TDS,FL,FPTS
Josh Allen BUF,497.9,337.1,"3,826.00",28.1,12.3,120.7,594.8,11.7,4.1,374.7
Jayden Daniels WAS,495.2,321.7,"3,660.70",24.7,11,135.5,707.4,5.1,2.8,329.6
Drake Maye NE,503.3,345,"4,024.10",28,11.1,102.5,541.3,4,5.6,328.9
Lamar Jackson BAL,436,285.4,"3,621.80",29.5,10.4,114.1,636.2,3.3,4.2,327.6
Jalen Hurts PHI,485.1,314.8,"3,575.60",24.8,7.6,112.1,463.9,8.6,4,324.3
Jaxson Dart NYG,506.3,321.6,"3,602.00",23.5,12.1,99.9,542.1,6.8,2.9,314.9
Joe Burrow CIN,594.7,397.2,"4,191.20",34,12.5,41.9,177,1.5,1.9,314.1
Brock Purdy SF,543.8,366,"4,149.90",28,14.9,73.2,313.1,4.3,4.3,311.7
Dak Prescott DAL,584.9,386.4,"4,274.60",31.3,12,51.1,179.5,2.1,2.8,309.1
Trevor Lawrence JAC,547.7,335.1,"3,863.90",27.4,14,75.2,331.2,5.4,3.4,308.8
Patrick Mahomes II KC,558.1,355,"3,830.30",27.6,12.3,62,381.7,3.6,2,306.9
Justin Herbert LAC,527.4,348.2,"3,810.10",26.8,12,80.7,474.5,2.1,2.8,302.1
Caleb Williams CHI,552.7,322.8,"3,802.90",27.1,10,74.6,391.4,2.1,3,296.6
Matthew Stafford LAR,548.4,349.6,"4,164.50",34.5,8.3,27,38.7,0.3,2.8,296.2
Bo Nix DEN,569.9,363.9,"3,693.00",26.7,10.6,77.6,330.7,3.5,2,293.6
Daniel Jones IND,530.9,346.4,"3,854.90",25.3,11.6,63.5,239.7,5,3.8,290
Baker Mayfield TB,539.9,346.3,"3,880.30",26.8,13.3,56.5,359.6,1.7,3.7,288
Jared Goff DET,534.1,368.7,"4,219.50",31.5,10,24.1,46.7,0.3,3.7,284
Tyler Shough NO,551.7,363.2,"3,941.50",22.1,12.6,70.3,305.6,4.1,3.6,281.7
Kyler Murray MIN,484.2,318.8,"3,372.60",23.2,15.5,77,467.2,3.6,3.8,272.9
Malik Willis MIA,486.4,320,"3,340.30",19,13.8,125.1,633.2,4.2,6.2,272.2
C.J. Stroud HOU,561.5,351.6,"3,939.00",24.7,12,56,249,1,3.5,268.4
Jordan Love GB,501.7,325,"3,835.60",27,10.4,47.7,199.9,0.5,3,267.9
Sam Darnold SEA,504.4,336.1,"4,064.80",28,12.7,46,134.7,0.4,5.3,267.4
Bryce Young CAR,514.6,323.2,"3,370.60",21.2,14.1,59.9,269.7,2.6,3,241.8
Jacoby Brissett ARI,551.3,352,"3,564.50",20,10.6,51.6,233.7,1.7,4.8,235.7
Geno Smith NYJ,511.3,335.9,"3,377.70",22.2,15.2,58,235.9,1,2.2,233.9
Cam Ward TEN,547.2,336,"3,454.60",19.2,9.7,42.8,177.7,2.5,5.4,227.5
Aaron Rodgers PIT,521.8,332.3,"3,418.70",21.5,10.1,24.6,83.7,0.9,2.7,221.1
Fernando Mendoza LV,432.4,281.2,"2,841.70",16.6,13.2,51.6,232.1,1.5,2.7,193.3
Deshaun Watson CLE,423.7,256.2,"2,675.70",14.7,10.5,58,265.4,2,4.3,184.9
Tua Tagovailoa ATL,384.5,251.5,"2,812.40",17.2,9,20.4,48.9,0.1,2.3,173.4
Michael Penix Jr. ATL,174.1,110.7,"1,247.10",6.7,3.6,12.7,47.4,0.5,1,78.8
Shedeur Sanders CLE,127.1,80,879.1,4.1,3.3,12.6,68.1,0.3,0.7,55.5
Kirk Cousins LV,110.6,73.7,753.9,4.6,3.3,6.4,10.1,0.1,0.9,45.1
J.J. McCarthy MIN,52.4,33.2,367.3,2.2,1.6,6.9,31.4,0.3,0.4,26
Ty Simpson LAR,40.9,25.8,298.2,2.6,0.8,4.1,18.4,0,0.1,23.4
Carson Beck ARI,42.1,26.4,282.2,1.8,0.8,4.3,18.1,0.1,0.2,19.7
Marcus Mariota WAS,34.8,22.2,256.6,2,0.8,1.4,7.9,0,0.1,18.1
Joe Milton III DAL,23.9,15.4,170.2,1.1,0.2,3.2,13.5,0,0.1,12.2
Shane Buechele BUF,20,14,150,1,0,4,20,0,0,12
Jarrett Stidham DEN,23.1,14.4,152.6,1.1,0.3,3.3,12.9,0,0.1,11.2
Jake Browning TB,22.5,14.3,157.4,1,0.9,3.1,15.7,0,0.1,11.2
Will Levis TEN,22,13,129,1,0,4,19,0,0,11.1
Tyson Bagent CHI,21.5,13.6,154.5,1,0.3,3.3,10,0,0.1,11
Teddy Bridgewater DET,21.8,13.7,157.4,1,0.4,3.1,8.9,0,0,11
Justin Fields KC,21.8,13.4,144.1,1,0.7,3.4,18.1,0.1,0.1,10.9
Tommy DeVito NE,22.5,14.6,149.8,1,0.4,1.9,9.5,0.1,0.1,10.6
Tyler Huntley BAL,18.3,11.8,130.8,0.9,0.3,3.5,18.7,0,0.1,10.6
Davis Mills HOU,23.2,14.1,153.2,0.9,0.3,3,11.4,0,0.1,10.5
Trey Lance LAC,22.2,13.6,148.2,1,0.8,3.2,13.4,0,0.1,10.4
Mason Rudolph PIT,22.2,14,149.9,0.9,0.3,2.6,10.6,0,0.1,10.3
Tanner McKee PHI,20.3,12.8,141,1,0.2,3,9.9,0,0,10.3
Joe Flacco CIN,24.8,16.1,169.2,1.2,0.8,2.2,8.6,0,0.6,10.3
Mac Jones SF,22.7,14.9,156.4,1,0.8,3,10.1,0,0.1,10.3
Spencer Rattler NO,23,15,156.7,0.9,0.8,2.7,12.1,0,0.1,10.2
Riley Leonard IND,22.4,14.3,160.1,0.9,0.3,3.1,12.7,0,0.6,10.1
Drew Lock SEA,20.6,13,146.6,0.9,0.8,3.1,13.1,0,0.1,10
Andy Dalton PHI,19,13,140,1,0,5,23,0,1,9.9
Behren Morton NE,15,10,121,1,0,2,10,0,0,9.8
Kenny Pickett CAR,21.2,13.5,138.7,0.9,0.7,2.7,12.9,0,0.1,9.8
Nick Mullens JAC,18.8,13.2,140.2,1.1,0.4,3.1,3.7,0,0.1,9.8
Chris Oladokun KC,23,14,148,1,0,4,18,0,1,9.7
Gardner Minshew II ARI,22.9,14.3,147.9,0.8,0.3,2.4,9.3,0,0.1,9.7
Tyrod Taylor GB,20,12.8,136.1,0.9,0.5,2.3,12.4,0.1,0.2,9.7
Adrian Martinez SF,16,11,115,1,0,3,7,0,0,9.3
Jameis Winston NYG,21.6,13.3,153.7,1,1,2.9,12.3,0,0.6,9.2
Garrett Nussmeier KC,17,11,110,1,0,2,8,0,0,9.2
Cole Payton PHI,14,9,105,1,0,2,10,0,0,9.2
Jalen Milroe SEA,11,7,89,1,0,5,14,0,0,9
Drew Allar PIT,16,10,102,1,0,2,8,0,0,8.9
Mitchell Trubisky TEN,22.8,13.5,135,0.8,0.4,2.6,4.7,0,0.1,8.9
Quinn Ewers MIA,20.9,13.7,139.1,0.8,0.8,2.5,11.5,0,0.1,8.9
Cade Klubnik NYJ,18.4,11.6,116.7,0.9,0.4,1.8,7.8,0,0.1,8.7
Kyle Allen BUF,18.5,10.6,117,1,0.4,2,3,0,0.1,8.3
Brady Cook NYJ,10,6.5,60,0.5,0.5,2,10,0,0,4.9
Will Howard PIT,8,5,51,0.5,0,1,4,0,0,4.4
Josh Johnson CIN,0,0,0,0,0,0,0,0,0,0
Stetson Bennett IV LAR,0,0,0,0,0,0,0,0,0,0
Aidan O'Connell LV,0,0,0,0,0,0,0,0,0,0