"Rank","Player","Team","Bye","POS","AVG"
"1","Jahmyr Gibbs","DET","6","RB1","1.5"
"2","Bijan Robinson","ATL","11","RB2","1.5"
"3","Ja'Marr Chase","CIN","6","WR1","3.0"
"4","Puka Nacua","LAR","11","WR2","4.0"
"5","Jaxon Smith-Njigba","SEA","11","WR3","5.0"
"6","Christian McCaffrey","SF","8","RB3","6.0"
"7","Amon-Ra St. Brown","DET","6","WR4","7.0"
"8","Jonathan Taylor","IND","13","RB4","8.0"
"9","Ashton Jeanty","LV","13","RB5","9.5"
"10","Justin Jefferson","MIN","6","WR5","11.0"
"11","James Cook III","BUF","7","RB6","11.0"
"12","CeeDee Lamb","DAL","14","WR6","11.0"
"13","Saquon Barkley","PHI","10","RB7","14.5"
"14","Chase Brown","CIN","6","RB8","14.5"
"15","De'Von Achane","MIA","6","RB9","15.0"
"16","Omarion Hampton","LAC","7","RB10","15.5"
"17","Kenneth Walker III","KC","5","RB11","16.0"
"18","Drake London","ATL","11","WR7","17.0"
"19","Brock Bowers","LV","13","TE1","19.5"
"20","Trey McBride","ARI","14","TE2","21.0"
"21","Derrick Henry","BAL","13","RB12","21.0"
"22","A.J. Brown","NE","11","WR8","23.0"
"23","Nico Collins","HOU","8","WR9","23.0"
"24","Jeremiyah Love","ARI","14","RB13","23.0"
"25","George Pickens","DAL","14","WR10","24.0"
"26","Josh Allen","BUF","7","QB1","27.0"
"27","Chris Olave","NO","8","WR11","27.0"
"28","Breece Hall","NYJ","13","RB14","28.5"
"29","Rashee Rice","KC","5","WR12","29.5"
"30","DeVonta Smith","PHI","10","WR13","31.0"
"31","Kyren Williams","LAR","11","RB15","32.0"
"32","Travis Etienne Jr.","NO","8","RB16","32.5"
"33","Javonte Williams","DAL","14","RB17","34.5"
"34","Malik Nabers","NYG","8","WR14","35.0"
"35","Zay Flowers","BAL","13","WR15","36.0"
"36","Ladd McConkey","LAC","7","WR16","36.5"
"37","Garrett Wilson","NYJ","13","WR17","37.0"
"38","Tee Higgins","CIN","6","WR18","37.0"
"39","Josh Jacobs","GB","11","RB18","38.0"
"40","Tetairoa McMillan","CAR","5","WR19","38.5"
"41","Emeka Egbuka","TB","10","WR20","39.0"
"42","Colston Loveland","CHI","10","TE3","41.0"
"43","Luther Burden III","CHI","10","WR21","42.5"
"44","Cam Skattebo","NYG","8","RB19","44.0"
"45","Terry McLaurin","WAS","7","WR22","45.5"
"46","David Montgomery","HOU","8","RB20","49.0"
"47","Davante Adams","LAR","11","WR23","49.0"
"48","Jaylen Waddle","DEN","10","WR24","50.0"
"49","TreVeyon Henderson","NE","11","RB21","50.5"
"50","Lamar Jackson","BAL","13","QB2","51.0"
"51","D'Andre Swift","CHI","10","RB22","51.0"
"52","Jameson Williams","DET","6","WR25","51.0"
"53","DJ Moore","BUF","7","WR26","52.5"
"54","Bucky Irving","TB","10","RB23","54.0"
"55","Christian Watson","GB","11","WR27","54.5"
"56","Mike Evans","SF","8","WR28","55.0"
"57","Quinshon Judkins","CLE","11","RB24","55.0"
"58","Rome Odunze","CHI","10","WR29","56.5"
"59","Joe Burrow","CIN","6","QB3","59.0"
"60","Bhayshul Tuten","JAC","7","RB25","60.0"
"61","Drake Maye","NE","11","QB4","61.5"
"62","Carnell Tate","TEN","9","WR30","61.5"
"63","Jadarian Price","SEA","11","RB26","62.5"
"64","Tyler Warren","IND","13","TE4","65.0"
"65","Jayden Daniels","WAS","7","QB5","65.0"
"66","Marvin Harrison Jr.","ARI","14","WR31","66.5"
"67","Chuba Hubbard","CAR","5","RB27","69.0"
"68","Caleb Williams","CHI","10","QB6","69.5"
"69","Jaylen Warren","PIT","9","RB28","69.5"
"70","Jordyn Tyson","NO","8","WR32","70.0"
"71","Parker Washington","JAC","7","WR33","70.5"
"72","Brian Thomas Jr.","JAC","7","WR34","72.0"
"73","Jalen Hurts","PHI","10","QB7","72.5"
"74","Alec Pierce","IND","13","WR35","73.0"
"75","DK Metcalf","PIT","9","WR36","73.0"
"76","Justin Herbert","LAC","7","QB8","77.5"
"77","Courtland Sutton","DEN","10","WR37","78.0"
"78","Rhamondre Stevenson","NE","11","RB29","78.0"
"79","Dak Prescott","DAL","14","QB9","78.5"
"80","Tony Pollard","TEN","9","RB30","80.0"
"81","RJ Harvey","DEN","10","RB31","81.0"
"82","Trevor Lawrence","JAC","7","QB10","81.5"
"83","Makai Lemon","PHI","10","WR38","85.0"
"84","Tucker Kraft","GB","11","TE5","86.0"
"85","Kenneth Gainwell","TB","10","RB32","88.0"
"86","Rico Dowdle","PIT","9","RB33","88.5"
"87","Harold Fannin Jr.","CLE","11","TE6","89.5"
"88","Jaxson Dart","NYG","8","QB11","89.5"
"89","Michael Wilson","ARI","14","WR39","90.0"
"90","Chris Godwin Jr.","TB","10","WR40","92.0"
"91","Michael Pittman Jr.","PIT","9","WR41","92.5"
"92","Matthew Stafford","LAR","11","QB12","93.0"
"93","Jayden Reed","GB","11","WR42","94.0"
"94","Quentin Johnston","LAC","7","WR43","94.0"
"95","Kyle Monangai","CHI","10","RB34","94.0"
"96","Kyle Pitts Sr.","ATL","11","TE7","95.0"
"97","Sam LaPorta","DET","6","TE8","95.0"
"98","Patrick Mahomes II","KC","5","QB13","95.5"
"99","Brock Purdy","SF","8","QB14","96.5"
"100","Jordan Addison","MIN","6","WR44","98.0"
"101","Ricky Pearsall","SF","8","WR45","99.0"
"102","Blake Corum","LAR","11","RB35","99.0"
"103","Jakobi Meyers","JAC","7","WR46","101.0"
"104","Jared Goff","DET","6","QB15","103.5"
"105","Josh Downs","IND","13","WR47","104.0"
"106","Bo Nix","DEN","10","QB16","106.0"
"107","J.K. Dobbins","DEN","10","RB36","107.5"
"108","Jonathon Brooks","CAR","5","RB37","109.0"
"109","Kyler Murray","MIN","6","QB17","109.5"
"110","Wan'Dale Robinson","TEN","9","WR48","110.0"
"111","Xavier Worthy","KC","5","WR49","110.0"
"112","Jordan Love","GB","11","QB18","112.0"
"113","Tyler Shough","NO","8","QB19","112.5"
"114","Rachaad White","WAS","7","RB38","113.0"
"115","Baker Mayfield","TB","10","QB20","114.0"
"116","Romeo Doubs","NE","11","WR50","115.5"
"117","Matthew Golden","GB","11","WR51","116.5"
"118","Dalton Kincaid","BUF","7","TE9","120.0"
"119","Travis Kelce","KC","5","TE10","120.0"
"120","Aaron Jones Sr.","MIN","6","RB39","121.0"
"121","Jayden Higgins","HOU","8","WR52","122.5"
"122","Jordan Mason","MIN","6","RB40","122.5"
"123","George Kittle","SF","8","TE11","122.5"
"124","Khalil Shakir","BUF","7","WR53","125.0"
"125","KC Concepcion","CLE","11","WR54","125.0"
"126","Isaiah Likely","NYG","8","TE12","125.0"
"127","Jake Ferguson","DAL","14","TE13","126.5"
"128","Chris Rodriguez Jr.","JAC","7","RB41","127.0"
"129","Malik Willis","MIA","6","QB21","127.5"
"130","Dallas Goedert","PHI","10","TE14","129.5"
"131","Jacory Croskey-Merritt","WAS","7","RB42","130.0"
"132","Tyrone Tracy Jr.","NYG","8","RB43","131.5"
"133","Jalen Coker","CAR","5","WR55","132.0"
"134","Mark Andrews","BAL","13","TE15","134.0"
"135","Cam Ward","TEN","9","QB22","134.5"
"136","C.J. Stroud","HOU","8","QB23","137.5"
"137","Stefon Diggs","","","WR56","138.0"
"138","Oronde Gadsden II","LAC","7","TE16","139.5"
"139","Sam Darnold","SEA","11","QB24","140.0"
"140","Daniel Jones","IND","13","QB25","141.0"
"141","Woody Marks","HOU","8","RB44","142.5"
"142","Keaton Mitchell","LAC","7","RB45","144.0"
"143","Juwan Johnson","NO","8","TE17","145.5"
"144","Tyler Allgeier","ARI","14","RB46","147.0"
"145","Rashid Shaheed","SEA","11","WR57","147.5"
"146","Chig Okonkwo","WAS","7","TE18","148.0"
"147","Jalen McMillan","TB","10","WR58","148.0"
"148","Jauan Jennings","MIN","6","WR59","148.0"
"149","Isiah Pacheco","DET","6","RB47","150.5"
"150","Dylan Sampson","CLE","11","RB48","152.0"
"151","Bryce Young","CAR","5","QB26","152.5"
"152","Brenton Strange","JAC","7","TE19","152.5"
"153","Kenyon Sadiq","NYJ","13","TE20","153.5"
"154","Hunter Henry","NE","11","TE21","156.5"
"155","Tyjae Spears","TEN","9","RB49","157.0"
"156","Jonah Coleman","DEN","10","RB50","157.5"
"157","Tre Tucker","LV","13","WR60","158.0"
"158","Omar Cooper Jr.","NYJ","13","WR61","158.0"
"159","Jalen Nailor","LV","13","WR62","160.0"
"160","Denzel Boston","CLE","11","WR63","163.5"
"161","Deebo Samuel Sr.","","","WR64","165.0"
"162","Aaron Rodgers","PIT","9","QB27","165.5"
"163","T.J. Hockenson","MIN","6","TE22","166.5"
"164","Travis Hunter","JAC","7","WR65","167.0"
"165","Brian Robinson Jr.","ATL","11","RB51","170.5"
"166","Emmett Johnson","KC","5","RB52","171.0"
"167","Fernando Mendoza","LV","13","QB28","171.5"
"168","Antonio Williams","WAS","7","WR66","174.0"
"169","Dalton Schultz","HOU","8","TE23","174.0"
"170","Zach Charbonnet","SEA","11","RB53","174.5"
"171","Emanuel Wilson","SEA","11","RB54","175.0"
"172","Jerry Jeudy","CLE","11","WR67","175.0"
"173","Tre' Harris","LAC","7","WR68","175.5"
"174","Geno Smith","NYJ","13","QB29","176.0"
"175","Ryan Flournoy","DAL","14","WR69","177.0"
"176","Jacoby Brissett","ARI","14","QB30","177.0"
"177","Tank Bigsby","PHI","10","RB55","177.5"
"178","Sean Tucker","TB","10","RB56","179.5"
"179","Alvin Kamara","NO","8","RB57","179.5"
"180","Kaytron Allen","WAS","7","RB58","179.5"
"181","Isaac TeSlaa","DET","6","WR70","182.0"
"182","AJ Barner","SEA","11","TE24","188.0"
"183","Brandon Aiyuk","SF","8","WR71","189.0"
"184","Gunnar Helm","TEN","9","TE25","189.0"
"185","Malik Washington","MIA","6","WR72","191.0"
"186","Nicholas Singleton","TEN","9","RB59","192.0"
"187","Mike Washington Jr.","LV","13","RB60","192.5"
"188","Kimani Vidal","LAC","7","RB61","195.5"
"189","Ray Davis","BUF","7","RB62","196.0"
"190","Pat Freiermuth","PIT","9","TE26","197.0"
"191","Braelon Allen","NYJ","13","RB63","197.0"
"192","Cade Otton","TB","10","TE27","198.5"
"193","Calvin Ridley","TEN","9","WR73","202.0"
"194","Darnell Mooney","NYG","8","WR74","202.5"
"195","Tua Tagovailoa","ATL","11","QB31","205.0"
"196","Adonai Mitchell","NYJ","13","WR75","207.5"
"197","David Njoku","LAC","7","TE28","207.5"
"198","Greg Dulcich","MIA","6","TE29","211.5"
"199","James Conner","ARI","14","RB64","211.5"
"200","Zachariah Branch","ATL","11","WR76","211.5"
"201","Kayshon Boutte","NE","11","WR77","212.0"
"202","Houston Texans","DST","8","DST1","142.0"
"203","De'Zhaun Stribling","SF","8","WR78","212.5"
"204","Tank Dell","HOU","8","WR79","213.0"
"205","Jordan James","SF","8","RB65","213.0"
"206","Troy Franklin","DEN","10","WR80","214.5"
"207","Colby Parkinson","LAR","11","TE30","215.0"
"208","Germie Bernard","PIT","9","WR81","216.0"
"209","Christian Kirk","SF","8","WR82","216.5"
"210","Eli Stowers","PHI","10","TE31","219.0"
"211","Seattle Seahawks","DST","11","DST2","156.0"
"212","Denver Broncos","DST","10","DST3","160.0"
"213","Jake Tonges","SF","8","TE32","222.0"
"214","Los Angeles Rams","DST","11","DST4","162.0"
"215","Terrance Ferguson","LAR","11","TE33","222.5"
"216","Cooper Kupp","SEA","11","WR83","222.5"
"217","Deshaun Watson","CLE","11","QB32","222.5"
"218","Chris Bell","MIA","6","WR84","223.5"
"219","Kaelon Black","SF","8","RB66","225.5"
"220","Malachi Fields","NYG","8","WR85","229.5"
"221","MarShawn Lloyd","GB","11","RB67","230.0"
"222","Michael Penix Jr.","ATL","11","QB33","230.0"
"223","Chris Brooks","GB","11","RB68","230.5"
"224","New England Patriots","DST","11","DST5","181.0"
"225","Justice Hill","BAL","13","RB69","233.0"
"226","Philadelphia Eagles","DST","10","DST6","185.0"
"227","Minnesota Vikings","DST","6","DST7","186.0"
"228","Tyreek Hill","","","WR86","235.5"
"229","Pittsburgh Steelers","DST","9","DST8","190.0"
"230","Jacksonville Jaguars","DST","7","DST9","191.0"
"231","Demond Claiborne","MIN","6","RB70","237.0"
"232","Shedeur Sanders","CLE","11","QB34","237.5"
"233","Jaylen Wright","MIA","6","RB71","238.5"
"234","Cleveland Browns","DST","11","DST10","196.0"
"235","Los Angeles Chargers","DST","7","DST11","198.0"
"236","Baltimore Ravens","DST","13","DST12","199.0"
"237","Ted Hurst III","TB","10","WR87","273.5"
"238","Chicago Bears","DST","10","DST13","204.0"
"239","Dontayvion Wicks","PHI","10","WR88","262.0"
"240","Green Bay Packers","DST","11","DST14","210.0"
"241","Jaydon Blue","DAL","14","RB72","246.5"
"242","Chimere Dike","TEN","9","WR89","248.0"
"243","Mike Gesicki","CIN","6","TE34","275.5"
"244","Buffalo Bills","DST","7","DST15","214.0"
"245","Kirk Cousins","LV","13","QB35","248.5"
"246","Keon Coleman","BUF","7","WR90","294.5"
"247","Atlanta Falcons","DST","11","DST16","215.0"
"248","Malik Benson","LV","13","WR91","250.0"
"249","Detroit Lions","DST","6","DST17","218.0"
"250","Elijah Sarratt","BAL","13","WR92","304.0"
"251","New Orleans Saints","DST","8","DST18","220.0"
"252","Kansas City Chiefs","DST","5","DST19","221.0"
"253","New York Giants","DST","8","DST20","222.0"
"254","Pat Bryant","DEN","10","WR93","290.5"
"255","Samaje Perine","CIN","6","RB73","302.5"
"256","Eli Heidenreich","PIT","9","RB74","281.0"
"257","Malik Davis","DAL","14","RB75","264.0"
"258","Indianapolis Colts","DST","13","DST21","232.0"
"259","Savion Williams","GB","11","WR94","285.5"
"260","Tyquan Thornton","KC","5","WR95","311.0"
"261","San Francisco 49ers","DST","8","DST22","234.0"
"262","Keenan Allen","LAC","7","WR96","303.0"
"263","Carolina Panthers","DST","5","DST23","235.0"
"264","Carson Beck","ARI","14","QB36","301.5"
"265","Treylon Burks","WAS","7","WR97","282.0"
"266","Dallas Cowboys","DST","14","DST24","238.0"
"267","Ty Johnson","BUF","7","RB76","297.5"
"268","Tory Horton","SEA","11","WR98","294.0"
"269","George Holani","SEA","11","RB77","314.0"
"270","Skyler Bell","BUF","7","WR99","320.5"
"271","Evan Engram","DEN","10","TE35","296.0"
"272","Tampa Bay Buccaneers","DST","10","DST25","243.0"
"273","Michael Mayer","LV","13","TE36","315.0"
"274","Rashod Bateman","BAL","13","WR100","300.5"
"275","Jahan Dotson","ATL","11","WR101","328.5"
"276","Tennessee Titans","DST","9","DST26","249.0"
"277","Chris Brazzell II","CAR","5","WR102","304.5"
"278","Theo Johnson","NYG","8","TE37","295.0"
"279","Albert Okwuegbunam Jr.","LV","13","TE38","251.0"
"280","Devontez Walker","BAL","13","WR103","251.0"
"281","Jordan Whittington","LAR","11","WR104","253.0"
"282","Jaylin Noel","HOU","8","WR105","298.5"
"283","Phil Mafah","DAL","14","RB78","254.0"
"284","LeQuint Allen Jr.","JAC","7","RB79","315.0"
"285","Luke McCaffrey","WAS","7","WR106","255.0"
"286","Kendrick Bourne","ARI","14","WR107","318.5"
"287","Caleb Douglas","MIA","6","WR108","307.5"
"288","Nick Chubb","","","RB80","257.0"
"289","Robert Henry Jr.","WAS","7","RB81","258.0"
"290","DJ Giddens","IND","13","RB82","319.5"
"291","Jawhar Jordan","HOU","8","RB83","259.0"
"292","Zavion Thomas","CHI","10","WR109","289.0"
"293","Andy Dalton","PHI","10","QB37","260.0"
"294","Mason Taylor","NYJ","13","TE39","305.5"
"295","Luke Musgrave","GB","11","TE40","261.0"
"296","Adam Randall","BAL","13","RB84","313.0"
"297","Taysom Hill","","","TE41","262.0"
"298","Jack Bech","LV","13","WR110","313.0"
"299","Pierre Strong Jr.","GB","11","RB85","263.0"
"300","Devaughn Vele","NO","8","WR111","333.5"
"301","Will Shipley","PHI","10","RB86","264.0"
"302","Darius Slayton","NYG","8","WR112","334.5"
"303","Deion Burks","IND","13","WR113","265.0"
"304","Ja'Tavion Sanders","CAR","5","TE42","325.5"
"305","Brenen Thompson","LAC","7","WR114","299.5"
"306","Mason Rudolph","PIT","9","QB38","267.0"
"307","Ja'Kobi Lane","BAL","13","WR115","337.5"
"308","KaVontae Turpin","DAL","14","WR116","268.0"
"309","Bryce Lance","NO","8","WR117","307.5"
"310","Tanner McKee","PHI","10","QB39","269.0"
"311","Ollie Gordon II","MIA","6","RB87","323.5"
"312","Tommy Tremble","CAR","5","TE43","270.0"
"313","Elijah Arroyo","SEA","11","TE44","340.0"
"314","Kevin Coleman Jr.","MIA","6","WR118","271.0"
"315","Darnell Washington","PIT","9","TE45","335.0"
"316","Tyrod Taylor","GB","11","QB40","272.0"
"317","Najee Harris","LAC","7","RB88","333.0"
"318","Jordan Watkins","SF","8","WR119","273.0"
"319","Andrei Iosivas","CIN","6","WR120","337.5"
"320","Sam Roush","CHI","10","TE46","274.0"
"321","Hollywood Brown","PHI","10","WR121","308.0"
"322","Xavier Legette","CAR","5","WR122","339.0"
"323","Kalif Raymond","CHI","10","WR123","290.0"
"324","Joe Milton III","DAL","14","QB41","277.0"
"325","Jalen Tolbert","MIA","6","WR124","334.0"
"326","Kenny McIntosh","SEA","11","RB89","278.0"
"327","Marvin Mims Jr.","DEN","10","WR125","342.0"
"328","Efton Chism III","NE","11","WR126","279.0"
"329","Elic Ayomanor","TEN","9","WR127","307.0"
"330","Calvin Austin III","NYG","8","WR128","280.0"
"331","Dawson Knox","BUF","7","TE47","336.5"
"332","Dont'e Thornton Jr.","LV","13","WR129","281.0"
"333","Oscar Delp","NO","8","TE48","327.5"
"334","Jahdae Walker","CHI","10","WR130","282.0"
"335","Justin Fields","KC","5","QB42","326.5"
"336","Jacob Cowing","SF","8","WR131","283.0"
"337","Frank Gore Jr.","BUF","7","RB90","284.0"
"338","Dyami Brown","WAS","7","WR132","285.0"
"339","Theo Wease Jr.","MIA","6","WR133","286.0"
"340","Michael Carter","TEN","9","RB91","287.0"
"341","Daniel Bellinger","TEN","9","TE49","288.0"
"342","Jaleel McLaughlin","DEN","10","RB92","289.0"
"343","Spencer Rattler","NO","8","QB43","290.0"
"344","Konata Mumpfield","LAR","11","WR134","291.0"
"345","John Metchie III","CAR","5","WR135","292.0"
"346","Jam Miller","NE","11","RB93","293.0"
"347","Las Vegas Raiders","DST","13","DST27","294.0"
"348","Trevor Etienne","CAR","5","RB94","295.0"
"349","Isaac Guerendo","SF","8","RB95","296.0"
"350","Darren Waller","","","TE50","298.0"
"351","Gardner Minshew II","ARI","14","QB44","299.0"
"352","Kendre Miller","NO","8","RB96","300.0"
"353","Charlie Kolar","LAC","7","TE51","301.0"
"354","Drew Lock","SEA","11","QB45","302.0"
"355","Nick Westbrook-Ikhine","IND","13","WR136","303.0"
"356","Audric Estime","NO","8","RB97","305.0"
"357","Ben Sinnott","WAS","7","TE52","306.0"
"358","Damien Martinez","GB","11","RB98","307.0"
"359","Joshua Palmer","BUF","7","WR137","308.0"
"360","Quinn Ewers","MIA","6","QB46","309.0"
"361","Austin Ekeler","","","RB99","310.0"
"362","Colbie Young","CIN","6","WR138","311.0"
"363","Greg Dortch","DET","6","WR139","312.0"
"364","Jarquez Hunter","LAR","11","RB100","313.0"
"365","Cincinnati Bengals","DST","6","DST28","314.0"
"366","Jarrett Stidham","DEN","10","QB47","315.0"
"367","Kareem Hunt","","","RB101","316.0"
"368","Will Howard","PIT","9","QB48","317.0"
"369","Nick Mullens","JAC","7","QB49","318.0"
"370","Joe Mixon","","","RB102","321.0"
"371","Zach Ertz","","","TE53","322.0"
"372","Washington Commanders","DST","7","DST29","323.0"
"373","Eli Raridon","NE","11","TE54","324.0"
"374","Miami Dolphins","DST","6","DST30","325.0"
"375","DeMario Douglas","NE","11","WR140","326.0"
"376","Jerome Ford","WAS","7","RB103","327.0"
"377","Odell Beckham Jr.","NYG","8","WR141","329.0"
"378","Jalen Royals","KC","5","WR142","330.0"
"379","Trey Benson","ARI","14","RB104","331.0"
"380","Tyson Bagent","CHI","10","QB50","332.0"
"381","Isaiah Bond","CLE","11","WR143","334.0"
"382","Seth McGowan","IND","13","RB105","337.0"
"383","New York Jets","DST","13","DST31","341.0"
"384","Ty Simpson","LAR","11","QB51","343.0"
"385","Tutu Atwell","MIA","6","WR144","345.0"
"386","Tyler Huntley","BAL","13","QB52","346.0"
"387","Tahj Brooks","CIN","6","RB106","352.0"
"388","J.J. McCarthy","MIN","6","QB53","353.0"
"389","Anthony Richardson Sr.","IND","13","QB54","354.0"
"390","Arizona Cardinals","DST","14","DST32","355.0"
"391","Jameis Winston","NYG","8","QB55","361.0"
"392","Tyler Higbee","LAR","11","TE55","362.0"
"393","Mac Jones","SF","8","QB56","363.0"
"394","Justin Joly","DEN","10","TE56","366.0"
"395","Emari Demercado","KC","5","RB107","367.0"
"396","Noah Gray","KC","5","TE57","369.0"
"397","Marcus Mariota","WAS","7","QB57","370.0"
"398","Olamide Zaccheaus","ATL","11","WR145","373.0"
"399","Isaiah Davis","NYJ","13","RB108","377.0"
"400","Mack Hollins","NE","11","WR146","379.0"
"401","Joe Flacco","CIN","6","QB58","383.0"
"402","Jonnu Smith","","","TE58","384.0"
"403","Devin Singletary","NYG","8","RB109","385.0"
"404","Tez Johnson","TB","10","WR147","392.0"
"405","Brashard Smith","KC","5","RB110","395.0"
"406","Max Klare","LAR","11","TE59","396.0"
"407","Cole Kmet","CHI","10","TE60","397.0"
"408","Kaleb Johnson","PIT","9","RB111","398.0"
"409","Kyle Williams","NE","11","WR148","401.0"
"410","Devin Neal","NO","8","RB112","407.0"
""
""